i;ID_QR;ID_xls;CHACRA_ID_QR;CANAL;LOTE;CHACRA;SUPERFICIE;ID_CAMPAÑA;ACTIVIDAD
1;Acceso Norte 1 1;Acceso Norte 1 1;Acceso Norte;1;1;Acceso Norte;3,6;ACCESO NORTE 2;MAIZ
2;Acceso Norte1 2;Acceso Norte 1 2;Acceso Norte;1;2;Acceso Norte;3,7;ACCESO NORTE 1;P. MANT.
3;Acceso Norte 1 3;Acceso Norte 1 3;Acceso Norte;1;3;Acceso Norte;3,7;ACCESO NORTE 2;MAIZ
4;Acceso Norte1 4;Acceso Norte 1 4;Acceso Norte;1;4;Acceso Norte;3,7;ACCESO NORTE 1;P. MANT.
5;Acceso Norte1 5;Acceso Norte 1 5;Acceso Norte;1;5;Acceso Norte;3,7;ACCESO NORTE 2;MAIZ
6;Acceso Norte1 6;Acceso Norte 1 6;Acceso Norte;1;6;Acceso Norte;3,8;ACCESO NORTE 1;P. MANT.
7;Acceso Norte1 7;Acceso Norte 1 7;Acceso Norte;1;7;Acceso Norte;3,6;ACCESO NORTE 2;MAIZ
8;Acceso Norte1 8;Acceso Norte 1 8;Acceso Norte;1;8;Acceso Norte;3,8;ACCESO NORTE 1;P. MANT.
9;Acceso Norte1 9;Acceso Norte 1 9;Acceso Norte;1;9;Acceso Norte;3,3;ACCESO NORTE 2;MAIZ
10;Acceso Norte1 10;Acceso Norte 1 10;Acceso Norte;1;10;Acceso Norte;3,4;ACCESO NORTE 1;P. MANT.
11;Acceso Norte1 11;Acceso Norte 1 11;Acceso Norte;1;11;Acceso Norte;3,4;ACCESO NORTE 2;MAIZ
12;Acceso Norte1 12;Acceso Norte 1 12;Acceso Norte;1;12;Acceso Norte;3,5;ACCESO NORTE 1;P. MANT.
13;Acceso Norte1 14;Acceso Norte 1 14;Acceso Norte;1;14;Acceso Norte;3,4;ACCESO NORTE 3;MAIZ
14;Acceso Norte1 16;Acceso Norte 1 16;Acceso Norte;1;16;Acceso Norte;3,1;ACCESO NORTE 3;MAIZ
15;Acceso Norte1 18;Acceso Norte 1 18;Acceso Norte;1;18;Acceso Norte;3,6;ACCESO NORTE 3;MAIZ
16;Acceso Norte1 19;Acceso Norte 1 19;Acceso Norte;1;19;Acceso Norte;2,7;ACCESO NORTE 2;MAIZ
17;Acceso Norte1 20;Acceso Norte 1 20;Acceso Norte;1;20;Acceso Norte;3,1;ACCESO NORTE 3;MAIZ
18;Acceso Norte1 21;Acceso Norte 1 21;Acceso Norte;1;21;Acceso Norte;2,6;ACCESO NORTE 2;MAIZ
19;Acceso Norte1 22;Acceso Norte 1 22;Acceso Norte;1;22;Acceso Norte;3;ACCESO NORTE 3;MAIZ
20;Acceso Norte1 23;Acceso Norte 1 23;Acceso Norte;1;23;Acceso Norte;2,7;ACCESO NORTE 2;MAIZ
21;Acceso Norte1 24;Acceso Norte 1 24;Acceso Norte;1;24;Acceso Norte;3,1;ACCESO NORTE 3;MAIZ
22;Acceso Norte1 25;Acceso Norte 1 25;Acceso Norte;1;25;Acceso Norte;2,8;ACCESO NORTE 2;MAIZ
23;Acceso Norte1 26;Acceso Norte 1 26;Acceso Norte;1;26;Acceso Norte;3;ACCESO NORTE 3;MAIZ
24;Acceso Norte1 27;Acceso Norte 1 27;Acceso Norte;1;27;Acceso Norte;2,6;ACCESO NORTE 2;MAIZ
25;Acceso Norte1 28;Acceso Norte 1 28;Acceso Norte;1;28;Acceso Norte;2,9;ACCESO NORTE 3;MAIZ
26;Acceso Norte1 29;Acceso Norte 1 29;Acceso Norte;1;29;Acceso Norte;2,4;ACCESO NORTE 2;MAIZ
27;Acceso Norte1 30;Acceso Norte 1 30;Acceso Norte;1;30;Acceso Norte;2,7;ACCESO NORTE 3;MAIZ
28;Acceso Norte1 31;Acceso Norte 1 31;Acceso Norte;1;31;Acceso Norte;2,3;ACCESO NORTE 2;MAIZ
29;Acceso Norte1 32;Acceso Norte 1 32;Acceso Norte;1;32;Acceso Norte;2,6;ACCESO NORTE 3;MAIZ
30;Acceso Norte1 33;Acceso Norte 1 33;Acceso Norte;1;33;Acceso Norte;2,3;ACCESO NORTE 2;MAIZ
31;Acceso Norte1 34;Acceso Norte 1 34;Acceso Norte;1;34;Acceso Norte;2,6;ACCESO NORTE 3;MAIZ
32;Acceso Norte1 35;Acceso Norte 1 35;Acceso Norte;1;35;Acceso Norte;2,2;ACCESO NORTE 2;MAIZ
33;Acceso Norte1 36;Acceso Norte 1 36;Acceso Norte;1;36;Acceso Norte;2,5;ACCESO NORTE 3;MAIZ
34;Acceso Norte1 37;Acceso Norte 1 37;Acceso Norte;1;37;Acceso Norte;2,2;ACCESO NORTE 2;MAIZ
35;Acceso Norte1 38;Acceso Norte 1 38;Acceso Norte;1;38;Acceso Norte;2,4;ACCESO NORTE 3;MAIZ
36;Acceso Norte1 39;Acceso Norte 1 39;Acceso Norte;1;39;Acceso Norte;2,3;ACCESO NORTE 2;MAIZ
37;Acceso Norte1 40;Acceso Norte 1 40;Acceso Norte;1;40;Acceso Norte;2,5;ACCESO NORTE 3;MAIZ
38;Acceso Norte1 41;Acceso Norte 1 41;Acceso Norte;1;41;Acceso Norte;2,1;ACCESO NORTE 2;MAIZ
39;Acceso Norte1 42;Acceso Norte 1 42;Acceso Norte;1;42;Acceso Norte;2,3;ACCESO NORTE 3;MAIZ
40;Acceso Norte1 43;Acceso Norte 1 43;Acceso Norte;1;43;Acceso Norte;1,1;ACCESO NORTE 2;MAIZ
41;Acceso Norte1 44;Acceso Norte 1 44;Acceso Norte;1;44;Acceso Norte;1,2;ACCESO NORTE 3;MAIZ
42;Acceso Norte2 1;Acceso Norte 2 1;Acceso Norte;2;1;Acceso Norte;3,9;ACCESO NORTE 1;P. MANT.
43;Acceso Norte2 2;Acceso Norte 2 2;Acceso Norte;2;2;Acceso Norte;3,7;ACCESO NORTE 1;P. MANT.
44;Acceso Norte2 3;Acceso Norte 2 3;Acceso Norte;2;3;Acceso Norte;3,8;ACCESO NORTE 1;P. MANT.
45;Acceso Norte2 4;Acceso Norte 2 4;Acceso Norte;2;4;Acceso Norte;3,8;ACCESO NORTE 1;P. MANT.
46;Acceso Norte2 5;Acceso Norte 2 5;Acceso Norte;2;5;Acceso Norte;3,8;ACCESO NORTE 1;P. MANT.
47;Acceso Norte2 6;Acceso Norte 2 6;Acceso Norte;2;6;Acceso Norte;3,7;ACCESO NORTE 1;P. MANT.
48;Acceso Norte2 7;Acceso Norte 2 7;Acceso Norte;2;7;Acceso Norte;3,9;ACCESO NORTE 1;P. MANT.
49;Acceso Norte2 8;Acceso Norte 2 8;Acceso Norte;2;8;Acceso Norte;4;ACCESO NORTE 1;P. MANT.
50;Acceso Norte2 9;Acceso Norte 2 9;Acceso Norte;2;9;Acceso Norte;3,5;ACCESO NORTE 3;MAIZ
51;Acceso Norte2 11;Acceso Norte 2 11;Acceso Norte;2;11;Acceso Norte;3,5;ACCESO NORTE 3;MAIZ
52;Acceso Norte2 13;Acceso Norte 2 13;Acceso Norte;2;13;Acceso Norte;3,4;ACCESO NORTE 3;MAIZ
53;Acceso Norte2 15;Acceso Norte 2 15;Acceso Norte;2;15;Acceso Norte;3,2;ACCESO NORTE 3;MAIZ
54;Acceso Norte2 16;Acceso Norte 2 16;Acceso Norte;2;16;Acceso Norte;3,2;ACCESO NORTE 4;P. MANT.
55;Acceso Norte2 17;Acceso Norte 2 17;Acceso Norte;2;17;Acceso Norte;3,5;ACCESO NORTE 3;MAIZ
56;Acceso Norte2 18;Acceso Norte 2 18;Acceso Norte;2;18;Acceso Norte;3,4;ACCESO NORTE 4;P. MANT.
57;Acceso Norte2 19;Acceso Norte 2 19;Acceso Norte;2;19;Acceso Norte;3,1;ACCESO NORTE 3;MAIZ
58;Acceso Norte2 20;Acceso Norte 2 20;Acceso Norte;2;20;Acceso Norte;3,1;ACCESO NORTE 4;P. MANT.
59;Acceso Norte2 21;Acceso Norte 2 21;Acceso Norte;2;21;Acceso Norte;3;ACCESO NORTE 3;MAIZ
60;Acceso Norte2 22;Acceso Norte 2 22;Acceso Norte;2;22;Acceso Norte;2,9;ACCESO NORTE 4;P. MANT.
61;Acceso Norte2 23;Acceso Norte 2 23;Acceso Norte;2;23;Acceso Norte;3;ACCESO NORTE 3;MAIZ
62;Acceso Norte2 24;Acceso Norte 2 24;Acceso Norte;2;24;Acceso Norte;3;ACCESO NORTE 4;P. MANT.
63;Acceso Norte2 25;Acceso Norte 2 25;Acceso Norte;2;25;Acceso Norte;2,9;ACCESO NORTE 3;MAIZ
64;Acceso Norte2 26;Acceso Norte 2 26;Acceso Norte;2;26;Acceso Norte;2,8;ACCESO NORTE 4;P. MANT.
65;Acceso Norte2 27;Acceso Norte 2 27;Acceso Norte;2;27;Acceso Norte;2,8;ACCESO NORTE 3;MAIZ
66;Acceso Norte2 28;Acceso Norte 2 28;Acceso Norte;2;28;Acceso Norte;2,8;ACCESO NORTE 4;P. MANT.
67;Acceso Norte2 29;Acceso Norte 2 29;Acceso Norte;2;29;Acceso Norte;2,6;ACCESO NORTE 3;MAIZ
68;Acceso Norte2 30;Acceso Norte 2 30;Acceso Norte;2;30;Acceso Norte;2,6;ACCESO NORTE 4;P. MANT.
69;Acceso Norte2 31;Acceso Norte 2 31;Acceso Norte;2;31;Acceso Norte;2,6;ACCESO NORTE 3;MAIZ
70;Acceso Norte2 32;Acceso Norte 2 32;Acceso Norte;2;32;Acceso Norte;2,6;ACCESO NORTE 4;P. MANT.
71;Acceso Norte2 33;Acceso Norte 2 33;Acceso Norte;2;33;Acceso Norte;2,5;ACCESO NORTE 3;MAIZ
72;Acceso Norte2 34;Acceso Norte 2 34;Acceso Norte;2;34;Acceso Norte;2,5;ACCESO NORTE 4;P. MANT.
73;Acceso Norte2 35;Acceso Norte 2 35;Acceso Norte;2;35;Acceso Norte;2,4;ACCESO NORTE 3;MAIZ
74;Acceso Norte2 36;Acceso Norte 2 36;Acceso Norte;2;36;Acceso Norte;2,3;ACCESO NORTE 4;P. MANT.
75;Acceso Norte2 37;Acceso Norte 2 37;Acceso Norte;2;37;Acceso Norte;2,3;ACCESO NORTE 3;MAIZ
76;Acceso Norte2 38;Acceso Norte 2 38;Acceso Norte;2;38;Acceso Norte;2,3;ACCESO NORTE 4;P. MANT.
77;Acceso Norte2 39;Acceso Norte 2 39;Acceso Norte;2;39;Acceso Norte;2,3;ACCESO NORTE 3;MAIZ
78;Acceso Norte2 40;Acceso Norte 2 40;Acceso Norte;2;40;Acceso Norte;2,2;ACCESO NORTE 4;P. MANT.
79;Acceso Norte2 41;Acceso Norte 2 41;Acceso Norte;2;41;Acceso Norte;2,1;ACCESO NORTE 3;MAIZ
80;Acceso Norte2 42;Acceso Norte 2 42;Acceso Norte;2;42;Acceso Norte;2,1;ACCESO NORTE 4;P. MANT.
81;Acceso Norte 2 43;Acceso Norte 2 43;Acceso Norte;2;43;Acceso Norte;1,1;ACCESO NORTE 3;MAIZ
82;Acceso Norte 2 44;Acceso Norte 2 44;Acceso Norte;2;44;Acceso Norte;0,8;ACCESO NORTE 4;P. MANT.
83;Acceso Sur 3 1;Acceso Sur 3 1;Acceso Sur;3;1;Acceso Sur;1,9;ACCESO SUR;P. MANT.
84;Acceso Sur 3 2;Acceso Sur 3 2;Acceso Sur;3;2;Acceso Sur;2;ACCESO SUR;P. MANT.
85;Acceso Sur 3 3;Acceso Sur 3 3;Acceso Sur;3;3;Acceso Sur;2,2;ACCESO SUR;P. MANT.
86;Acceso Sur 3 4;Acceso Sur 3 4;Acceso Sur;3;4;Acceso Sur;2,1;ACCESO SUR;P. MANT.
87;Acceso Sur 3 5;Acceso Sur 3 5;Acceso Sur;3;5;Acceso Sur;2,2;ACCESO SUR;P. MANT.
88;Acceso Sur 3 6;Acceso Sur 3 6;Acceso Sur;3;6;Acceso Sur;2,2;ACCESO SUR;P. MANT.
89;Acceso Sur 3 7;Acceso Sur 3 7;Acceso Sur;3;7;Acceso Sur;2,6;ACCESO SUR;P. MANT.
90;Acceso Sur 3 8;Acceso Sur 3 8;Acceso Sur;3;8;Acceso Sur;2,3;ACCESO SUR;P. MANT.
91;Acceso Sur 3 9;Acceso Sur 3 9;Acceso Sur;3;9;Acceso Sur;2,4;ACCESO SUR;P. MANT.
92;Acceso Sur 3 10;Acceso Sur 3 10;Acceso Sur;3;10;Acceso Sur;2,3;ACCESO SUR;P. MANT.
93;Acceso Sur 3 11;Acceso Sur 3 11;Acceso Sur;3;11;Acceso Sur;2,5;ACCESO SUR;P. MANT.
94;Acceso Sur 3 12;Acceso Sur 3 12;Acceso Sur;3;12;Acceso Sur;2,3;ACCESO SUR;P. MANT.
95;Acceso Sur 3 14;Acceso Sur 3 14;Acceso Sur;3;14;Acceso Sur;2,3;ACCESO SUR;P. MANT.
96;Acceso Sur 3 16;Acceso Sur 3 16;Acceso Sur;3;16;Acceso Sur;2,5;ACCESO SUR;P. MANT.
97;Acceso Sur 3 17;Acceso Sur 3 17;Acceso Sur;3;17;Acceso Sur;2,9;ACCESO SUR;P. MANT.
98;Acceso Sur 3 18;Acceso Sur 3 18;Acceso Sur;3;18;Acceso Sur;2,7;ACCESO SUR;P. MANT.
99;Acceso Sur 3 19;Acceso Sur 3 19;Acceso Sur;3;19;Acceso Sur;2,9;ACCESO SUR;P. MANT.
100;Acceso Sur 3 20;Acceso Sur 3 20;Acceso Sur;3;20;Acceso Sur;2,7;ACCESO SUR;P. MANT.
101;Acceso Sur 3 21;Acceso Sur 3 21;Acceso Sur;3;21;Acceso Sur;2,9;ACCESO SUR;P. MANT.
102;Acceso Sur 3 22;Acceso Sur 3 22;Acceso Sur;3;22;Acceso Sur;2,6;ACCESO SUR;P. MANT.
103;Acceso Sur 3 23;Acceso Sur 3 23;Acceso Sur;3;23;Acceso Sur;3,1;ACCESO SUR;P. MANT.
104;Acceso Sur 3 24;Acceso Sur 3 24;Acceso Sur;3;24;Acceso Sur;2,7;ACCESO SUR;P. MANT.
105;Acceso Sur 3 25;Acceso Sur 3 25;Acceso Sur;3;25;Acceso Sur;3;ACCESO SUR;P. MANT.
106;Acceso Sur 3 26;Acceso Sur 3 26;Acceso Sur;3;26;Acceso Sur;2,8;ACCESO SUR;P. MANT.
107;Acceso Sur 3 27;Acceso Sur 3 27;Acceso Sur;3;27;Acceso Sur;3,3;ACCESO SUR;P. MANT.
108;Acceso Sur 3 28;Acceso Sur 3 28;Acceso Sur;3;28;Acceso Sur;2,9;ACCESO SUR;P. MANT.
109;Acceso Sur 3 29;Acceso Sur 3 29;Acceso Sur;3;29;Acceso Sur;3,2;ACCESO SUR;P. MANT.
110;Acceso Sur 3 30;Acceso Sur 3 30;Acceso Sur;3;30;Acceso Sur;2,8;ACCESO SUR;P. MANT.
111;Acceso Sur 3 31;Acceso Sur 3 31;Acceso Sur;3;31;Acceso Sur;3,5;ACCESO SUR;P. MANT.
112;Acceso Sur 3 32;Acceso Sur 3 32;Acceso Sur;3;32;Acceso Sur;3,1;ACCESO SUR;P. MANT.
113;Acceso Sur 3 33;Acceso Sur 3 33;Acceso Sur;3;33;Acceso Sur;3,5;ACCESO SUR;P. MANT.
114;Acceso Sur 3 34;Acceso Sur 3 34;Acceso Sur;3;34;Acceso Sur;2,9;ACCESO SUR;P. MANT.
115;Acceso Sur 3 35;Acceso Sur 3 35;Acceso Sur;3;35;Acceso Sur;3,5;ACCESO SUR;P. MANT.
116;Acceso Sur 3 36;Acceso Sur 3 36;Acceso Sur;3;36;Acceso Sur;3,2;ACCESO SUR;P. MANT.
117;Acceso Sur 3 37;Acceso Sur 3 37;Acceso Sur;3;37;Acceso Sur;3,6;ACCESO SUR;P. MANT.
118;Acceso Sur 3 38;Acceso Sur 3 38;Acceso Sur;3;38;Acceso Sur;3;ACCESO SUR;P. MANT.
119;Acceso Sur 3 39;Acceso Sur 3 39;Acceso Sur;3;39;Acceso Sur;3,9;ACCESO SUR;P. MANT.
120;Acceso Sur 3 40;Acceso Sur 3 40;Acceso Sur;3;40;Acceso Sur;3,3;ACCESO SUR;P. MANT.
121;Acceso Sur 3 41;Acceso Sur 3 41;Acceso Sur;3;41;Acceso Sur;3,6;ACCESO SUR;P. MANT.
122;Acceso Sur 3 42;Acceso Sur 3 42;Acceso Sur;3;42;Acceso Sur;2,9;ACCESO SUR;P. MANT.
123;Acceso Sur 3 43;Acceso Sur 3 43;Acceso Sur;3;43;Acceso Sur;1,5;ACCESO SUR;P. MANT.
124;Acceso Sur 3 44;Acceso Sur 3 44;Acceso Sur;3;44;Acceso Sur;1,2;ACCESO SUR;P. MANT.
125;Balsa Este 1 1;;Balsa Este;1;1;Balsa Este;#N/D;;#N/D
126;Balsa Este 1 2;Balsa Este 1 2;Balsa Este;1;2;Balsa Este;1,9;BALSA ESTE 6;P. MANT.
127;Balsa Este 1 3;;Balsa Este;1;3;Balsa Este;#N/D;;#N/D
128;Balsa Este 1 4;Balsa Este 1 4;Balsa Este;1;4;Balsa Este;1,8;BALSA ESTE 6;P. MANT.
129;Balsa Este 1 6;Balsa Este 1 6;Balsa Este;1;6;Balsa Este;3,1;BALSA ESTE 6;P. MANT.
130;Balsa Este 1 8;Balsa Este 1 8;Balsa Este;1;8;Balsa Este;2,9;BALSA ESTE 6;P. MANT.
131;Balsa Este 1 10;Balsa Este 1 10;Balsa Este;1;10;Balsa Este;3,1;BALSA ESTE 6;P. MANT.
132;Balsa Este 1 12;Balsa Este 1 12;Balsa Este;1;12;Balsa Este;3;BALSA ESTE 6;P. MANT.
133;Balsa Este 1 14;Balsa Este 1 14;Balsa Este;1;14;Balsa Este;3;BALSA ESTE 6;P. MANT.
134;Balsa Este 1 16;Balsa Este 1 16;Balsa Este;1;16;Balsa Este;3,2;BALSA ESTE 6;P. MANT.
135;Balsa Este 1 18;Balsa Este 1 18;Balsa Este;1;18;Balsa Este;2,9;BALSA ESTE 6;P. MANT.
136;Balsa Este 1 20;Balsa Este 1 20;Balsa Este;1;20;Balsa Este;3;BALSA ESTE 6;P. MANT.
137;Balsa Este 1 22;Balsa Este 1 22;Balsa Este;1;22;Balsa Este;3,2;BALSA ESTE 6;P. MANT.
138;Balsa Este 1 24;Balsa Este 1 24;Balsa Este;1;24;Balsa Este;3,1;BALSA ESTE 5;P. MANT.
139;Balsa Este 1 26;Balsa Este 1 26;Balsa Este;1;26;Balsa Este;3,1;BALSA ESTE 5;P. MANT.
140;Balsa Este 1 28;Balsa Este 1 28;Balsa Este;1;28;Balsa Este;3,3;BALSA ESTE 5;P. MANT.
141;Balsa Este 1 30;Balsa Este 1 30;Balsa Este;1;30;Balsa Este;3;BALSA ESTE 5;P. MANT.
142;Balsa Este 1 32;Balsa Este 1 32;Balsa Este;1;32;Balsa Este;3;BALSA ESTE 5;P. MANT.
143;Balsa Este 1 34;Balsa Este 1 34;Balsa Este;1;34;Balsa Este;3,1;BALSA ESTE 5;P. MANT.
144;Balsa Este 1 36;Balsa Este 1 36;Balsa Este;1;36;Balsa Este;3,1;BALSA ESTE 5;P. MANT.
145;Balsa Este 1 38;Balsa Este 1 38;Balsa Este;1;38;Balsa Este;3,2;BALSA ESTE 5;P. MANT.
146;Balsa Este 1 40;Balsa Este 1 40;Balsa Este;1;40;Balsa Este;2,8;BALSA ESTE 5;P. MANT.
147;Balsa Este 1 42;Balsa Este 1 42;Balsa Este;1;42;Balsa Este;1,2;BALSA ESTE 5;P. MANT.
148;Balsa Este 2 1;;Balsa Este;2;1;Balsa Este;#N/D;;#N/D
149;Balsa Este 2 2;Balsa Este 2 2;Balsa Este;2;2;Balsa Este;2,4;BALSA ESTE 4;MAIZ
150;Balsa Este 2 3;;Balsa Este;2;3;Balsa Este;#N/D;;#N/D
151;Balsa Este 2 4;Balsa Este 2 4;Balsa Este;2;4;Balsa Este;4,5;BALSA ESTE 4;MAIZ
152;Balsa Este 2 6;Balsa Este 2 6;Balsa Este;2;6;Balsa Este;4,8;BALSA ESTE 4;MAIZ
153;Balsa Este 2 8;Balsa Este 2 8;Balsa Este;2;8;Balsa Este;4,7;BALSA ESTE 4;MAIZ
154;Balsa Este 2 10;Balsa Este 2 10;Balsa Este;2;10;Balsa Este;4,8;BALSA ESTE 4;MAIZ
155;Balsa Este 2 12;Balsa Este 2 12;Balsa Este;2;12;Balsa Este;5;BALSA ESTE 4;MAIZ
156;Balsa Este 2 14;Balsa Este 2 14;Balsa Este;2;14;Balsa Este;5,4;BALSA ESTE 4;MAIZ
157;Balsa Este 2 16;Balsa Este 2 16;Balsa Este;2;16;Balsa Este;3,8;BALSA ESTE 4;MAIZ
158;Balsa Este 2 18;Balsa Este 2 18;Balsa Este;2;18;Balsa Este;4;BALSA ESTE 4;MAIZ
159;Balsa Este 2 20;Balsa Este 2 20;Balsa Este;2;20;Balsa Este;4,1;BALSA ESTE 4;MAIZ
160;Balsa Este 2 22;Balsa Este 2 22;Balsa Este;2;22;Balsa Este;3,7;BALSA ESTE 4;MAIZ
161;Balsa Este 2 24;Balsa Este 2 24;Balsa Este;2;24;Balsa Este;3,7;BALSA ESTE 4;MAIZ
162;Balsa Este 2 26;Balsa Este 2 26;Balsa Este;2;26;Balsa Este;3,9;BALSA ESTE 4;MAIZ
163;Balsa Este 2 28;Balsa Este 2 28;Balsa Este;2;28;Balsa Este;3,9;BALSA ESTE 4;MAIZ
164;Balsa Este 2 30;Balsa Este 2 30;Balsa Este;2;30;Balsa Este;3,7;BALSA ESTE 4;MAIZ
165;Balsa Este 2 32;Balsa Este 2 32;Balsa Este;2;32;Balsa Este;3,8;BALSA ESTE 1;P. IMPLAN.
166;Balsa Este 2 34;Balsa Este 2 34;Balsa Este;2;34;Balsa Este;3,9;BALSA ESTE 1;P. IMPLAN.
167;Balsa Este 2 36;Balsa Este 2 36;Balsa Este;2;36;Balsa Este;3,8;BALSA ESTE 1;P. IMPLAN.
168;Balsa Este 2 38;Balsa Este 2 38;Balsa Este;2;38;Balsa Este;3,9;BALSA ESTE 1;P. IMPLAN.
169;Balsa Este 2 40;Balsa Este 2 40;Balsa Este;2;40;Balsa Este;2;BALSA ESTE 1;P. IMPLAN.
170;Balsa Este 2 42;Balsa Este 2 42;Balsa Este;2;42;Balsa Este;0,9;BALSA ESTE 1;P. IMPLAN.
171;Balsa Este 2A2;Balsa Este 2A 2;Balsa Este;2A;2;Balsa Este;3,6;BALSA ESTE 3;P. MANT.
172;Balsa Este 2A4;Balsa Este 2A 4;Balsa Este;2A;4;Balsa Este;4;BALSA ESTE 3;P. MANT.
173;Balsa Este 2A6;Balsa Este 2A 6;Balsa Este;2A;6;Balsa Este;3,4;BALSA ESTE 3;P. MANT.
174;Balsa Este 2A8;Balsa Este 2A 8;Balsa Este;2A;8;Balsa Este;2,5;BALSA ESTE 3;P. MANT.
175;Balsa Este 2A10;Balsa Este 2A 10;Balsa Este;2A;10;Balsa Este;1,9;BALSA ESTE 3;P. MANT.
176;Balsa Este 2A12;Balsa Este 2A 12;Balsa Este;2A;12;Balsa Este;1,6;BALSA ESTE 3;P. MANT.
177;Balsa Este 2A14;Balsa Este 2A 14;Balsa Este;2A;14;Balsa Este;1,6;BALSA ESTE 3;P. MANT.
178;Balsa Este 2A16;Balsa Este 2A 16;Balsa Este;2A;16;Balsa Este;1,8;BALSA ESTE 3;P. MANT.
179;Balsa Este 2A18;Balsa Este 2A 18;Balsa Este;2A;18;Balsa Este;1,8;BALSA ESTE 3;P. MANT.
180;Balsa Este 2B1;Balsa Este 2B 1;Balsa Este;2B;1;Balsa Este;3,7;BALSA ESTE 1;P. IMPLAN.
181;Balsa Este 2B2;Balsa Este 2B 2;Balsa Este;2B;2;Balsa Este;3,6;BALSA ESTE 2;P. IMPLAN.
182;Balsa Este 2B3;Balsa Este 2B 3;Balsa Este;2B;3;Balsa Este;3,2;BALSA ESTE 1;P. IMPLAN.
183;Balsa Este 2B4;Balsa Este 2B 4;Balsa Este;2B;4;Balsa Este;3,4;BALSA ESTE 2;P. IMPLAN.
184;Balsa Este 2B5;Balsa Este 2B 5;Balsa Este;2B;5;Balsa Este;3,3;BALSA ESTE 1;P. IMPLAN.
185;Balsa Este 2B6;Balsa Este 2B 6;Balsa Este;2B;6;Balsa Este;3,5;BALSA ESTE 2;P. IMPLAN.
186;Balsa Este 2B7;Balsa Este 2B 7;Balsa Este;2B;7;Balsa Este;3,2;BALSA ESTE 1;P. IMPLAN.
187;Balsa Este 2B8;Balsa Este 2B 8;Balsa Este;2B;8;Balsa Este;3,2;BALSA ESTE 2;P. IMPLAN.
188;Balsa Este 2B9;Balsa Este 2B 9;Balsa Este;2B;9;Balsa Este;3;BALSA ESTE 1;P. IMPLAN.
189;Balsa Este 2B10;Balsa Este 2B 10;Balsa Este;2B;10;Balsa Este;3,1;BALSA ESTE 2;P. IMPLAN.
190;Balsa Este 2B11;Balsa Este 2B 11;Balsa Este;2B;11;Balsa Este;2,7;BALSA ESTE 1;P. IMPLAN.
191;Balsa Este 2B12;Balsa Este 2B 12;Balsa Este;2B;12;Balsa Este;3;BALSA ESTE 2;P. IMPLAN.
192;Balsa Este 2B13;Balsa Este 2B 13;Balsa Este;2B;13;Balsa Este;2,7;BALSA ESTE 1;P. IMPLAN.
193;Balsa Este 2B14;Balsa Este 2B 14;Balsa Este;2B;14;Balsa Este;3,3;BALSA ESTE 2;P. IMPLAN.
194;Balsa Este 2B15;Balsa Este 2B 15;Balsa Este;2B;15;Balsa Este;2,5;BALSA ESTE 1;P. IMPLAN.
195;Balsa Este 2B16;Balsa Este 2B 16;Balsa Este;2B;16;Balsa Este;2,9;BALSA ESTE 2;P. IMPLAN.
196;Balsa Este 2B17;Balsa Este 2B 17;Balsa Este;2B;17;Balsa Este;2,3;BALSA ESTE 1;P. IMPLAN.
197;Balsa Este 2B18;Balsa Este 2B 18;Balsa Este;2B;18;Balsa Este;2,9;BALSA ESTE 2;P. IMPLAN.
198;Balsa Este 2B19;Balsa Este 2B 19;Balsa Este;2B;19;Balsa Este;2,1;BALSA ESTE 1;P. IMPLAN.
199;Balsa Este 2B20;Balsa Este 2B 20;Balsa Este;2B;20;Balsa Este;2,7;BALSA ESTE 2;P. IMPLAN.
200;Balsa Este 2B21;Balsa Este 2B 21;Balsa Este;2B;21;Balsa Este;1,3;BALSA ESTE 1;P. IMPLAN.
201;Balsa Este 2B22;Balsa Este 2B 22;Balsa Este;2B;22;Balsa Este;1,7;BALSA ESTE 2;P. IMPLAN.
202;Balsa Oeste 1 1;Balsa Oeste 1 1;Balsa Oeste;1;1;Balsa Oeste;3,3;BALSA OESTE 1;P. MANT.
203;Balsa Oeste 1 2;Balsa Oeste 1 2;Balsa Oeste;1;2;Balsa Oeste;3,5;BALSA OESTE 1;P. MANT.
204;Balsa Oeste 1 3;Balsa Oeste 1 3;Balsa Oeste;1;3;Balsa Oeste;3,5;BALSA OESTE 1;P. MANT.
205;Balsa Oeste 1 4;Balsa Oeste 1 4;Balsa Oeste;1;4;Balsa Oeste;3,6;BALSA OESTE 1;P. MANT.
206;Balsa Oeste 1 5;Balsa Oeste 1 5;Balsa Oeste;1;5;Balsa Oeste;2,8;BALSA OESTE 1;P. MANT.
207;Balsa Oeste 1 6;Balsa Oeste 1 6;Balsa Oeste;1;6;Balsa Oeste;3,9;BALSA OESTE 1;P. MANT.
208;Balsa Oeste 1 7;Balsa Oeste 1 7;Balsa Oeste;1;7;Balsa Oeste;1,9;BALSA OESTE 1;P. MANT.
209;Balsa Oeste 1 8;Balsa Oeste 1 8;Balsa Oeste;1;8;Balsa Oeste;3;BALSA OESTE 1;P. MANT.
210;Balsa Oeste 1 9;Balsa Oeste 1 9;Balsa Oeste;1;9;Balsa Oeste;2,5;BALSA OESTE 1;P. MANT.
211;Balsa Oeste 1 10;Balsa Oeste 1 10;Balsa Oeste;1;10;Balsa Oeste;3,1;BALSA OESTE 1;P. MANT.
212;Balsa Oeste 1 11;Balsa Oeste 1 11;Balsa Oeste;1;11;Balsa Oeste;3,9;BALSA OESTE 1;P. MANT.
213;Balsa Oeste 1 12;Balsa Oeste 1 12;Balsa Oeste;1;12;Balsa Oeste;3,9;BALSA OESTE 1;P. MANT.
214;Balsa Oeste 1 13;Balsa Oeste 1 13;Balsa Oeste;1;13;Balsa Oeste;3,1;BALSA OESTE 1;P. MANT.
215;Balsa Oeste 1 14;Balsa Oeste 1 14;Balsa Oeste;1;14;Balsa Oeste;2,9;BALSA OESTE 1;P. MANT.
216;Balsa Oeste 1 15;Balsa Oeste 1 15;Balsa Oeste;1;15;Balsa Oeste;3,1;BALSA OESTE 1;P. MANT.
217;Balsa Oeste 1 16;Balsa Oeste 1 16;Balsa Oeste;1;16;Balsa Oeste;3;BALSA OESTE 1;P. MANT.
218;Balsa Oeste 1 17;Balsa Oeste 1 17;Balsa Oeste;1;17;Balsa Oeste;4,1;BALSA OESTE 1;P. MANT.
219;Balsa Oeste 1 18;Balsa Oeste 1 18;Balsa Oeste;1;18;Balsa Oeste;4;BALSA OESTE 5;#N/D
220;Balsa Oeste 1 19;Balsa Oeste 1 19;Balsa Oeste;1;19;Balsa Oeste;4,8;BALSA OESTE 1;P. MANT.
221;Balsa Oeste 1 20;Balsa Oeste 1 20;Balsa Oeste;1;20;Balsa Oeste;3,7;BALSA OESTE 5;#N/D
222;Balsa Oeste 1 22;Balsa Oeste 1 22;Balsa Oeste;1;22;Balsa Oeste;2,6;BALSA OESTE 5;#N/D
223;Balsa Oeste 1 24;Balsa Oeste 1 24;Balsa Oeste;1;24;Balsa Oeste;2;BALSA OESTE 5;#N/D
224;Balsa Oeste 1 26;Balsa Oeste 1 26;Balsa Oeste;1;26;Balsa Oeste;2,4;BALSA OESTE 5;#N/D
225;Balsa Oeste 1 28;Balsa Oeste 1 28;Balsa Oeste;1;28;Balsa Oeste;1,8;BALSA OESTE 5;#N/D
226;Balsa Oeste 1 30;Balsa Oeste 1 30;Balsa Oeste;1;30;Balsa Oeste;0,7;BALSA OESTE 2;P. IMPLAN.
227;Balsa Oeste 1 32;Balsa Oeste 1 32;Balsa Oeste;1;32;Balsa Oeste;1,5;BALSA OESTE 2;P. IMPLAN.
228;Balsa Oeste 1 34;Balsa Oeste 1 34;Balsa Oeste;1;34;Balsa Oeste;2,6;BALSA OESTE 2;P. IMPLAN.
229;Balsa Oeste 1 36;Balsa Oeste 1 36;Balsa Oeste;1;36;Balsa Oeste;3,5;BALSA OESTE 2;P. IMPLAN.
230;Balsa Oeste 2 1;Balsa Oeste 2 1;Balsa Oeste;2;1;Balsa Oeste;4,7;BALSA OESTE 4;P. MANT.
231;Balsa Oeste 2 2;Balsa Oeste 2 2;Balsa Oeste;2;2;Balsa Oeste;6,3;BALSA OESTE 3;MAIZ
232;Balsa Oeste 2 3;Balsa Oeste 2 3;Balsa Oeste;2;3;Balsa Oeste;3,6;BALSA OESTE 4;P. MANT.
233;Balsa Oeste 2 4;Balsa Oeste 2 4;Balsa Oeste;2;4;Balsa Oeste;4,7;BALSA OESTE 3;MAIZ
234;Balsa Oeste 2 5;Balsa Oeste 2 5;Balsa Oeste;2;5;Balsa Oeste;4,3;BALSA OESTE 4;P. MANT.
235;Balsa Oeste 2 6;Balsa Oeste 2 6;Balsa Oeste;2;6;Balsa Oeste;4,4;BALSA OESTE 3;MAIZ
236;Balsa Oeste 2 7;Balsa Oeste 2 7;Balsa Oeste;2;7;Balsa Oeste;3,1;BALSA OESTE 4;P. MANT.
237;Balsa Oeste 2 8;Balsa Oeste 2 8;Balsa Oeste;2;8;Balsa Oeste;2,6;BALSA OESTE 3;MAIZ
238;Balsa Oeste 2 9;Balsa Oeste 2 9;Balsa Oeste;2;9;Balsa Oeste;3,1;BALSA OESTE 4;P. MANT.
239;Balsa Oeste 2 10;Balsa Oeste 2 10;Balsa Oeste;2;10;Balsa Oeste;2,1;BALSA OESTE 3;MAIZ
240;Balsa Oeste 2 11;Balsa Oeste 2 11;Balsa Oeste;2;11;Balsa Oeste;4;BALSA OESTE 4;P. MANT.
241;Balsa Oeste 2 12;Balsa Oeste 2 12;Balsa Oeste;2;12;Balsa Oeste;1,9;BALSA OESTE 3;MAIZ
242;Balsa Oeste 2 13;Balsa Oeste 2 13;Balsa Oeste;2;13;Balsa Oeste;3,7;BALSA OESTE 4;P. MANT.
243;Balsa Oeste 2 15;Balsa Oeste 2 15;Balsa Oeste;2;15;Balsa Oeste;3,2;BALSA OESTE 4;P. MANT.
244;Balsa Oeste 2 17;Balsa Oeste 2 17;Balsa Oeste;2;17;Balsa Oeste;3,5;BALSA OESTE 4;P. MANT.
245;Balsa Oeste 2 19;Balsa Oeste 2 19;Balsa Oeste;2;19;Balsa Oeste;2,6;BALSA OESTE 4;P. MANT.
246;Balsa Oeste 2 21;Balsa Oeste 2 21;Balsa Oeste;2;21;Balsa Oeste;3,7;BALSA OESTE 5;#N/D
247;Balsa Oeste 2 23;Balsa Oeste 2 23;Balsa Oeste;2;23;Balsa Oeste;2,6;BALSA OESTE 5;#N/D
248;Balsa Oeste 2 25;Balsa Oeste 2 25;Balsa Oeste;2;25;Balsa Oeste;2,5;BALSA OESTE 5;#N/D
249;Balsa Oeste 2 27;Balsa Oeste 2 27;Balsa Oeste;2;27;Balsa Oeste;1,3;BALSA OESTE 5;#N/D
250;Balsa Oeste 2 29;Balsa Oeste 2 29;Balsa Oeste;2;29;Balsa Oeste;2,2;BALSA OESTE 2;P. IMPLAN.
251;Dos Molinos 0 1;;Dos Molinos;0;1;Dos Molinos;#N/D;;#N/D
252;Dos Molinos 0 2;Dos Molinos 0 2;Dos Molinos;0;2;Dos Molinos;1;DOS MOLINOS 1;P. MANT.
253;Dos Molinos 0 3;Dos Molinos 0 3;Dos Molinos;0;3;Dos Molinos;3,4;DOS MOLINOS 2;P. MANT.
254;Dos Molinos 0 4;Dos Molinos 0 4;Dos Molinos;0;4;Dos Molinos;1,2;DOS MOLINOS 1;P. MANT.
255;Dos Molinos 0 6;Dos Molinos 0 6;Dos Molinos;0;6;Dos Molinos;1,2;DOS MOLINOS 1;P. MANT.
256;Dos Molinos 0 8;Dos Molinos 0 8;Dos Molinos;0;8;Dos Molinos;1,2;DOS MOLINOS 1;P. MANT.
257;Dos Molinos 0 9;Dos Molinos 0 9;Dos Molinos;0;9;Dos Molinos;2,9;DOS MOLINOS 2;P. MANT.
258;Dos Molinos 0 10;Dos Molinos 0 10;Dos Molinos;0;10;Dos Molinos;1,2;DOS MOLINOS 1;P. MANT.
259;Dos Molinos 0 11;Dos Molinos 0 11;Dos Molinos;0;11;Dos Molinos;2,8;DOS MOLINOS 2;P. MANT.
260;Dos Molinos 0 12;Dos Molinos 0 12;Dos Molinos;0;12;Dos Molinos;1,2;DOS MOLINOS 1;P. MANT.
261;Dos Molinos 0 13;Dos Molinos 0 13;Dos Molinos;0;13;Dos Molinos;2,8;DOS MOLINOS 2;P. MANT.
262;Dos Molinos 0 14;Dos Molinos 0 14;Dos Molinos;0;14;Dos Molinos;1,2;DOS MOLINOS 1;P. MANT.
263;Dos Molinos 0 15;Dos Molinos 0 15;Dos Molinos;0;15;Dos Molinos;2,6;DOS MOLINOS 2;P. MANT.
264;Dos Molinos 0 16;Dos Molinos 0 16;Dos Molinos;0;16;Dos Molinos;1,2;DOS MOLINOS 1;P. MANT.
265;Dos Molinos 0 17;Dos Molinos 0 17;Dos Molinos;0;17;Dos Molinos;1,7;DOS MOLINOS 3;P. MANT.
266;Dos Molinos 0 18;Dos Molinos 0 18;Dos Molinos;0;18;Dos Molinos;1,2;DOS MOLINOS 1;P. MANT.
267;Dos Molinos 0 19;Dos Molinos 0 19;Dos Molinos;0;19;Dos Molinos;0,7;DOS MOLINOS 3;P. MANT.
268;Dos Molinos 0 20;Dos Molinos 0 20;Dos Molinos;0;20;Dos Molinos;1,2;DOS MOLINOS 1;P. MANT.
269;Dos Molinos 0 21;Dos Molinos 0 21;Dos Molinos;0;21;Dos Molinos;1,5;DOS MOLINOS 1;P. MANT.
270;Dos Molinos 1 1;Dos Molinos 1 1;Dos Molinos;1;1;Dos Molinos;3,1;DOS MOLINOS 3;P. MANT.
271;Dos Molinos 1 2;Dos Molinos 1 2;Dos Molinos;1;2;Dos Molinos;4,1;DOS MOLINOS 3;P. MANT.
272;Dos Molinos 1 3;Dos Molinos 1 3;Dos Molinos;1;3;Dos Molinos;3,1;DOS MOLINOS 3;P. MANT.
273;Dos Molinos 1 4;Dos Molinos 1 4;Dos Molinos;1;4;Dos Molinos;3,3;DOS MOLINOS 3;P. MANT.
274;Dos Molinos 1 5;Dos Molinos 1 5;Dos Molinos;1;5;Dos Molinos;3,1;DOS MOLINOS 3;P. MANT.
275;Dos Molinos 1 6;Dos Molinos 1 6;Dos Molinos;1;6;Dos Molinos;3,4;DOS MOLINOS 3;P. MANT.
276;Dos Molinos 1 7;Dos Molinos 1 7;Dos Molinos;1;7;Dos Molinos;4,7;DOS MOLINOS 3;P. MANT.
277;Dos Molinos 1 8;Dos Molinos 1 8;Dos Molinos;1;8;Dos Molinos;2,8;DOS MOLINOS 3;P. MANT.
278;El Triangulo1 1;El Triangulo 1 1;El Triangulo;1;1;El Triangulo;2,2;EL TRIANGULO;P. MANT.
279;El Triangulo1 2;El Triangulo 1 2;El Triangulo;1;2;El Triangulo;2,1;EL TRIANGULO;P. MANT.
280;El Triangulo1 3;El Triangulo 1 3;El Triangulo;1;3;El Triangulo;2,4;EL TRIANGULO;P. MANT.
281;El Triangulo1 4;El Triangulo 1 4;El Triangulo;1;4;El Triangulo;2,3;EL TRIANGULO;P. MANT.
282;El Triangulo1 5;El Triangulo 1 5;El Triangulo;1;5;El Triangulo;2,4;EL TRIANGULO;P. MANT.
283;El Triangulo1 6;El Triangulo 1 6;El Triangulo;1;6;El Triangulo;2,5;EL TRIANGULO;P. MANT.
284;El Triangulo1 7;El Triangulo 1 7;El Triangulo;1;7;El Triangulo;2,8;EL TRIANGULO;P. MANT.
285;El Triangulo1 8;El Triangulo 1 8;El Triangulo;1;8;El Triangulo;2,9;EL TRIANGULO;P. MANT.
286;El Triangulo1 9;El Triangulo 1 9;El Triangulo;1;9;El Triangulo;2,9;EL TRIANGULO;P. MANT.
287;El Triangulo1 10;El Triangulo 1 10;El Triangulo;1;10;El Triangulo;3,1;EL TRIANGULO;P. MANT.
288;El Triangulo1 11;El Triangulo 1 11;El Triangulo;1;11;El Triangulo;2,9;EL TRIANGULO;P. MANT.
289;El Triangulo1 12;El Triangulo 1 12;El Triangulo;1;12;El Triangulo;3,2;EL TRIANGULO;P. MANT.
290;El Triangulo1 13;El Triangulo 1 13;El Triangulo;1;13;El Triangulo;3,1;EL TRIANGULO;P. MANT.
291;El Triangulo1 14;El Triangulo 1 14;El Triangulo;1;14;El Triangulo;3,5;EL TRIANGULO;P. MANT.
292;El Triangulo1 15;El Triangulo 1 15;El Triangulo;1;15;El Triangulo;3,3;EL TRIANGULO;P. MANT.
293;El Triangulo1 16;El Triangulo 1 16;El Triangulo;1;16;El Triangulo;2,9;EL TRIANGULO;P. MANT.
294;El Triangulo1 17;El Triangulo 1 17;El Triangulo;1;17;El Triangulo;3,6;EL TRIANGULO;P. MANT.
295;El Triangulo1 18;El Triangulo 1 18;El Triangulo;1;18;El Triangulo;3,4;EL TRIANGULO;P. MANT.
296;El Triangulo1 19;El Triangulo 1 19;El Triangulo;1;19;El Triangulo;3,3;EL TRIANGULO;P. MANT.
297;El Triangulo1 20;El Triangulo 1 20;El Triangulo;1;20;El Triangulo;3,2;EL TRIANGULO;P. MANT.
298;El Triangulo1 21;El Triangulo 1 21;El Triangulo;1;21;El Triangulo;3,5;EL TRIANGULO;P. MANT.
299;El Triangulo1 22;El Triangulo 1 22;El Triangulo;1;22;El Triangulo;3,2;EL TRIANGULO;P. MANT.
300;El Triangulo1 23;El Triangulo 1 23;El Triangulo;1;23;El Triangulo;3,5;EL TRIANGULO;P. MANT.
301;El Triangulo1 24;El Triangulo 1 24;El Triangulo;1;24;El Triangulo;3,4;EL TRIANGULO;P. MANT.
302;El Triangulo1 25;El Triangulo 1 25;El Triangulo;1;25;El Triangulo;3,2;EL TRIANGULO;P. MANT.
303;El Triangulo1 26;El Triangulo 1 26;El Triangulo;1;26;El Triangulo;3,2;EL TRIANGULO;P. MANT.
304;El Triangulo1 27;El Triangulo 1 27;El Triangulo;1;27;El Triangulo;3,5;EL TRIANGULO;P. MANT.
305;El Triangulo1 28;El Triangulo 1 28;El Triangulo;1;28;El Triangulo;3,3;EL TRIANGULO;P. MANT.
306;El Triangulo1 29;El Triangulo 1 29;El Triangulo;1;29;El Triangulo;3,9;EL TRIANGULO;P. MANT.
307;El Triangulo1 30;El Triangulo 1 30;El Triangulo;1;30;El Triangulo;3,4;EL TRIANGULO;P. MANT.
308;El Triangulo1 31;El Triangulo 1 31;El Triangulo;1;31;El Triangulo;3,8;EL TRIANGULO;P. MANT.
309;El Triangulo1 32;El Triangulo 1 32;El Triangulo;1;32;El Triangulo;3,1;EL TRIANGULO;P. MANT.
310;El Triangulo1 33;El Triangulo 1 33;El Triangulo;1;33;El Triangulo;4,3;EL TRIANGULO;P. MANT.
311;El Triangulo1 34;El Triangulo 1 34;El Triangulo;1;34;El Triangulo;3,3;EL TRIANGULO;P. MANT.
312;El Triangulo1 35;El Triangulo 1 35;El Triangulo;1;35;El Triangulo;4,2;EL TRIANGULO;P. MANT.
313;El Triangulo1 36;El Triangulo 1 36;El Triangulo;1;36;El Triangulo;3,1;EL TRIANGULO;P. MANT.
314;El Triangulo1 37;El Triangulo 1 37;El Triangulo;1;37;El Triangulo;4,5;EL TRIANGULO;P. MANT.
315;El Triangulo1 38;El Triangulo 1 38;El Triangulo;1;38;El Triangulo;3,4;EL TRIANGULO;P. MANT.
316;El Triangulo1 39;El Triangulo 1 39;El Triangulo;1;39;El Triangulo;4,4;EL TRIANGULO;P. MANT.
317;El Triangulo1 40;El Triangulo 1 40;El Triangulo;1;40;El Triangulo;4,1;EL TRIANGULO;P. MANT.
318;El Triangulo1 41;El Triangulo 1 41;El Triangulo;1;41;El Triangulo;1,8;EL TRIANGULO;P. MANT.
319;El Triangulo1 42;El Triangulo 1 42;El Triangulo;1;42;El Triangulo;3,9;EL TRIANGULO;P. MANT.
320;El Triangulo1 44;El Triangulo 1 44;El Triangulo;1;44;El Triangulo;2,9;EL TRIANGULO;P. MANT.
321;Los Toros 5 1;Los Toros 5 1;Los Toros;5;1;Los Toros;3,4;;#N/D
322;Los Toros 5 2;Los Toros 5 2;Los Toros;5;2;Los Toros;3,4;;#N/D
323;Los Toros 5 3;;Los Toros;5;3;Los Toros;#N/D;;#N/D
324;Los Toros 5 4;Los Toros 5 4;Los Toros;5;4;Los Toros;3,7;;#N/D
325;Los Toros 5 5;;Los Toros;5;5;Los Toros;#N/D;;#N/D
326;Los Toros 5 6;Los Toros 5 6;Los Toros;5;6;Los Toros;3,7;;#N/D
327;Los Toros 5 7;Los Toros 5 7;Los Toros;5;7;Los Toros;0,5;LOS TOROS 2;VERDEO DE MOHA
328;Los Toros 5 8;Los Toros 5 8;Los Toros;5;8;Los Toros;0;;#N/D
329;Los Toros 5 9;Los Toros 5 9;Los Toros;5;9;Los Toros;0,6;LOS TOROS 2;VERDEO DE MOHA
330;Los Toros 5 10;Los Toros 5 10;Los Toros;5;10;Los Toros;0;;#N/D
331;Los Toros 5 11;Los Toros 5 11;Los Toros;5;11;Los Toros;0,7;LOS TOROS 2;VERDEO DE MOHA
332;Los Toros 5 12;Los Toros 5 12;Los Toros;5;12;Los Toros;3,6;LOS TOROS 3;P. MANT.
333;Los Toros 5 13;Los Toros 5 13;Los Toros;5;13;Los Toros;3,5;LOS TOROS 2;VERDEO DE MOHA
334;Los Toros 5 14;Los Toros 5 14;Los Toros;5;14;Los Toros;3,9;LOS TOROS 3;P. MANT.
335;Los Toros 5 15;Los Toros 5 15;Los Toros;5;15;Los Toros;2,1;LOS TOROS 2;VERDEO DE MOHA
336;Los Toros 5 16;Los Toros 5 16;Los Toros;5;16;Los Toros;3,7;LOS TOROS 3;P. MANT.
337;Los Toros 5 17;Los Toros 5 17;Los Toros;5;17;Los Toros;1,6;LOS TOROS 2;VERDEO DE MOHA
338;Los Toros 5 18;Los Toros 5 18;Los Toros;5;18;Los Toros;3,8;LOS TOROS 3;P. MANT.
339;Los Toros 5 19;Los Toros 5 19;Los Toros;5;19;Los Toros;1,4;LOS TOROS 2;VERDEO DE MOHA
340;Los Toros 5 20;Los Toros 5 20;Los Toros;5;20;Los Toros;3,6;LOS TOROS 3;P. MANT.
341;Los Toros 5 21;Los Toros 5 21;Los Toros;5;21;Los Toros;2;LOS TOROS 2;VERDEO DE MOHA
342;Los Toros 5 22;Los Toros 5 22;Los Toros;5;22;Los Toros;3,7;LOS TOROS 3;P. MANT.
343;Los Toros 5 23;Los Toros 5 23;Los Toros;5;23;Los Toros;2,5;LOS TOROS 2;VERDEO DE MOHA
344;Los Toros 5 24;Los Toros 5 24;Los Toros;5;24;Los Toros;3,7;LOS TOROS 3;P. MANT.
345;Los Toros 5 25;Los Toros 5 25;Los Toros;5;25;Los Toros;3;LOS TOROS 2;VERDEO DE MOHA
346;Los Toros 5 26;Los Toros 5 26;Los Toros;5;26;Los Toros;3,5;LOS TOROS 3;P. MANT.
347;Los Toros 5 27;Los Toros 5 27;Los Toros;5;27;Los Toros;3,4;LOS TOROS 2;VERDEO DE MOHA
348;Los Toros 5 28;Los Toros 5 28;Los Toros;5;28;Los Toros;3,8;LOS TOROS 3;P. MANT.
349;Los Toros 5 29;Los Toros 5 29;Los Toros;5;29;Los Toros;3,5;LOS TOROS 2;VERDEO DE MOHA
350;Los Toros 5 30;Los Toros 5 30;Los Toros;5;30;Los Toros;3,7;LOS TOROS 3;P. MANT.
351;Los Toros 5 31;Los Toros 5 31;Los Toros;5;31;Los Toros;3,3;LOS TOROS 2;VERDEO DE MOHA
352;Los Toros 5 32;Los Toros 5 32;Los Toros;5;32;Los Toros;3,8;LOS TOROS 3;P. MANT.
353;Los Toros 5 33;Los Toros 5 33;Los Toros;5;33;Los Toros;3,2;LOS TOROS 2;VERDEO DE MOHA
354;Los Toros 5 34;Los Toros 5 34;Los Toros;5;34;Los Toros;3,5;LOS TOROS 1;P. IMPLAN.
355;Los Toros 5 36;Los Toros 5 36;Los Toros;5;36;Los Toros;3,6;LOS TOROS 1;P. IMPLAN.
356;Los Toros 5 38;Los Toros 5 38;Los Toros;5;38;Los Toros;3,6;LOS TOROS 1;P. IMPLAN.
357;Los Toros 5 40;Los Toros 5 40;Los Toros;5;40;Los Toros;4;LOS TOROS 1;P. IMPLAN.
358;Los Toros 5 42;Los Toros 5 42;Los Toros;5;42;Los Toros;3,5;LOS TOROS 1;P. IMPLAN.
359;Los Toros 5 44;Los Toros 5 44;Los Toros;5;44;Los Toros;3,8;LOS TOROS 1;P. IMPLAN.
360;Los Toros 5 46;Los Toros 5 46;Los Toros;5;46;Los Toros;2,9;LOS TOROS 1;P. IMPLAN.
361;N1 1 1;N1 1 1;N1;1;1;N1;#N/D;;#N/D
362;N1 1 2;N1 1 2;N1;1;2;N1;#N/D;;#N/D
363;N1 1 3;N1 1 3;N1;1;3;N1;#N/D;;#N/D
364;N1 1 4;N1 1 4;N1;1;4;N1;#N/D;;#N/D
365;N1 1 5;N1 1 5;N1;1;5;N1;#N/D;;#N/D
366;N1 1 6;N1 1 6;N1;1;6;N1;#N/D;;#N/D
367;N1 1 7;N1 1 7;N1;1;7;N1;#N/D;;#N/D
368;N1 1 8;N1 1 8;N1;1;8;N1;#N/D;;#N/D
369;N1 1 9;N1 1 9;N1;1;9;N1;#N/D;;#N/D
370;N1 1 10;N1 1 10;N1;1;10;N1;#N/D;;#N/D
371;N1 1 11;N1 1 11;N1;1;11;N1;#N/D;;#N/D
372;N1 1 12;N1 1 12;N1;1;12;N1;#N/D;;#N/D
373;N1 1 13;;N1;1;13;N1;#N/D;;#N/D
374;N1 1 14;;N1;1;14;N1;#N/D;;#N/D
375;N1 1 15;;N1;1;15;N1;#N/D;;#N/D
376;N1 1 16;;N1;1;16;N1;#N/D;;#N/D
377;N1 1 17;N1 1 17;N1;1;17;N1;#N/D;;#N/D
378;N1 1 18;N1 1 18;N1;1;18;N1;#N/D;;#N/D
379;N1 1 19;N1 1 19;N1;1;19;N1;#N/D;;#N/D
380;N1 1 20;N1 1 20;N1;1;20;N1;#N/D;;#N/D
381;Chacra N1 1 21;N1 1 21;Chacra N1;1;21;N1;#N/D;;#N/D
382;N1 1 22;N1 1 22;N1;1;22;N1;#N/D;;#N/D
383;Chacra N10 1 1;N10 10 1;Chacra N10;1;1;N10;4,2;N10 ESTE;MAIZ
384;Chacra N10 1 2;N10 10 2;Chacra N10;1;2;N10;2,9;N10 OESTE;P. MANT.
385;Chacra N10 1 3;N10 10 3;Chacra N10;1;3;N10;3,5;N10 ESTE;MAIZ
386;Chacra N10 1 4;N10 10 4;Chacra N10;1;4;N10;2,9;N10 OESTE;P. MANT.
387;N10 1 5;N10 10 5;N10;1;5;N10;3,5;N10 ESTE;MAIZ
388;Chacra N10 1 6;N10 10 6;Chacra N10;1;6;N10;3,6;N10 OESTE;P. MANT.
389;N10 1 7;N10 10 7;N10;1;7;N10;3,5;N10 ESTE;MAIZ
390;Chacra N10 1 8;N10 10 8;Chacra N10;1;8;N10;3,6;N10 OESTE;P. MANT.
391;N10 1 9;N10 10 9;N10;1;9;N10;3,5;N10 ESTE;MAIZ
392;Chacra N10 1 10;N10 10 10;Chacra N10;1;10;N10;3,6;N10 OESTE;P. MANT.
393;N10 1 11;N10 10 11;N10;1;11;N10;3,5;N10 ESTE;MAIZ
394;Chacra N10 1 12;N10 10 12;Chacra N10;1;12;N10;3,6;N10 OESTE;P. MANT.
395;N10 1 13;N10 10 13;N10;1;13;N10;3,5;N10 ESTE;MAIZ
396;Chacra N10 1 14;N10 10 14;Chacra N10;1;14;N10;3,6;N10 OESTE;P. MANT.
397;N10 1 15;N10 10 15;N10;1;15;N10;3,5;N10 ESTE;MAIZ
398;Chacra N10 1 16;N10 10 16;Chacra N10;1;16;N10;3,6;N10 OESTE;P. MANT.
399;N10 1 17;N10 10 17;N10;1;17;N10;3,5;N10 ESTE;MAIZ
400;Chacra N10 1 18;N10 10 18;Chacra N10;1;18;N10;3,6;N10 OESTE;P. MANT.
401;N10 1 19;N10 10 19;N10;1;19;N10;3,5;N10 ESTE;MAIZ
402;N10 1 20;N10 10 20;N10;1;20;N10;3,6;N10 OESTE;P. MANT.
403;N10 1 21;N10 10 21;N10;1;21;N10;3,5;N10 ESTE;MAIZ
404;Chacra N10 1 22;N10 10 22;Chacra N10;1;22;N10;3,6;N10 OESTE;P. MANT.
405;N10 1 23;N10 10 23;N10;1;23;N10;3,5;N10 ESTE;MAIZ
406;Chacra N10 1 24;N10 10 24;Chacra N10;1;24;N10;3,6;N10 OESTE;P. MANT.
407;N10 1 25;N10 10 25;N10;1;25;N10;3,5;N10 ESTE;MAIZ
408;Chacra N10 1 26;N10 10 26;Chacra N10;1;26;N10;3,6;N10 OESTE;P. MANT.
409;N10 1 27;N10 10 27;N10;1;27;N10;3,5;N10 ESTE;MAIZ
410;Chacra N10 1 28;N10 10 28;Chacra N10;1;28;N10;3,6;N10 OESTE;P. MANT.
411;N10 1 29;N10 10 29;N10;1;29;N10;3,5;N10 ESTE;MAIZ
412;N10 1 30;N10 10 30;N10;1;30;N10;3,6;N10 OESTE;P. MANT.
413;N10 1 31;N10 10 31;N10;1;31;N10;3,5;N10 ESTE;MAIZ
414;Chacra N10 1 32;N10 10 32;Chacra N10;1;32;N10;3,6;N10 OESTE;P. MANT.
415;N10 1 33;N10 10 33;N10;1;33;N10;3,5;N10 ESTE;MAIZ
416;Chacra N10 1 34;N10 10 34;Chacra N10;1;34;N10;3,6;N10 OESTE;P. MANT.
417;N10 1 35;N10 10 35;N10;1;35;N10;3,5;N10 ESTE;MAIZ
418;Chacra N10 1 36;N10 10 36;Chacra N10;1;36;N10;3,6;N10 OESTE;P. MANT.
419;N10 1 37;N10 10 37;N10;1;37;N10;3,5;N10 ESTE;MAIZ
420;Chacra N10 1 38;N10 10 38;Chacra N10;1;38;N10;3,6;N10 OESTE;P. MANT.
421;N10 1 39;N10 10 39;N10;1;39;N10;3,5;N10 ESTE;MAIZ
422;N10 1 40;N10 10 40;N10;1;40;N10;3,6;N10 OESTE;P. MANT.
423;N10 1 41;N10 10 41;N10;1;41;N10;3,5;N10 ESTE;MAIZ
424;Chacra N10 1 42;N10 10 42;Chacra N10;1;42;N10;3,6;N10 OESTE;P. MANT.
425;N10 1 43;N10 10 43;N10;1;43;N10;3,5;N10 ESTE;MAIZ
426;Chacra N10 1 44;N10 10 44;Chacra N10;1;44;N10;3,6;N10 OESTE;P. MANT.
427;N10 1 45;N10 10 45;N10;1;45;N10;3,5;N10 ESTE;MAIZ
428;Chacra N10 1 46;N10 10 46;Chacra N10;1;46;N10;3,6;N10 OESTE;P. MANT.
429;Chacra N10 1 48;N10 10 48;Chacra N10;1;48;N10;3,6;N10 OESTE;P. MANT.
430;Chacra N3 1 1;;Chacra N3;1;1;N3;#N/D;;#N/D
431;Chacra N3 1 3;;Chacra N3;1;3;N3;#N/D;;#N/D
432;Chacra N3 1 5;;Chacra N3;1;5;N3;#N/D;;#N/D
433;Chacra N3 1 7;N3 3 7;Chacra N3;1;7;N3;#N/D;;#N/D
434;Chacra N3 1 8;N3 3 8;Chacra N3;1;8;N3;#N/D;;#N/D
435;Chacra N3 1 9;;Chacra N3;1;9;N3;#N/D;;#N/D
436;Chacra N3 1 11;;Chacra N3;1;11;N3;#N/D;;#N/D
437;Chacra N3 1 12;N3 12;Chacra N3;1;12;N3;5,9;;#N/D
438;Chacra N3 1 13;N3 13;Chacra N3;1;13;N3;3,6;;#N/D
439;Chacra N3 1 14;N3 14;Chacra N3;1;14;N3;3,6;;#N/D
440;Chacra N3 1 15;N3 15;Chacra N3;1;15;N3;3,6;;#N/D
441;Chacra N3 1 16;N3 16;Chacra N3;1;16;N3;3,6;;#N/D
442;Chacra N3 1 17;N3 17;Chacra N3;1;17;N3;3,6;;#N/D
443;Chacra N3 1 18;N3 18;Chacra N3;1;18;N3;3,6;;#N/D
444;Chacra N3 1 19;N3 19;Chacra N3;1;19;N3;3,6;;#N/D
445;Chacra N4 1 21;N4 4 21;Chacra N4;1;21;N4;#N/D;;#N/D
446;N4 4 1;N4 1;N4;4;1;N4;5,7;;#N/D
447;N4 4 2;;N4;4;2;N4;#N/D;;#N/D
448;N4 4 3;;N4;4;3;N4;#N/D;;#N/D
449;N4 4 5;N4 4 5;N4;4;5;N4;#N/D;;#N/D
450;N4 4 6;N4 4 6;N4;4;6;N4;#N/D;;#N/D
451;N4 4 7;N4 4 7;N4;4;7;N4;#N/D;;#N/D
452;N4 4 9;;N4;4;9;N4;#N/D;;#N/D
453;N4 4 11;;N4;4;11;N4;#N/D;;#N/D
454;N4 4 12;N4 4 12;N4;4;12;N4;#N/D;;#N/D
455;N4 4 13;N4 4 13;N4;4;13;N4;#N/D;;#N/D
456;N4 4 14;N4 4 14;N4;4;14;N4;#N/D;;#N/D
457;N4 4 15;N4 4 15;N4;4;15;N4;#N/D;;#N/D
458;N4 4 16;N4 4 16;N4;4;16;N4;#N/D;;#N/D
459;N4 4 17;N4 4 17;N4;4;17;N4;#N/D;;#N/D
460;N4 4 18;N4 4 18;N4;4;18;N4;#N/D;;#N/D
461;N4 4 19;N4 4 19;N4;4;19;N4;#N/D;;#N/D
462;N4 4 20;N4 4 20;N4;4;20;N4;#N/D;;#N/D
463;N4 4 22;N4 4 22;N4;4;22;N4;#N/D;;#N/D
464;Chacra N5 1 1;N5 5 1;Chacra N5;1;1;N5;4,8;;#N/D
465;N5 1 2;N5 5 2;N5;1;2;N5;5;;#N/D
466;Chacra N5 1 3;N5 5 3;Chacra N5;1;3;N5;3,6;;#N/D
467;N5 1 4;N5 5 4;N5;1;4;N5;3,6;;#N/D
468;Chacra N5 1 5;N5 5 5;Chacra N5;1;5;N5;3,6;;#N/D
469;N5 1 6;N5 5 6;N5;1;6;N5;3,6;;#N/D
470;Chacra N5 1 7;N5 5 7;Chacra N5;1;7;N5;3,6;;#N/D
471;N5 1 8;N5 5 8;N5;1;8;N5;3,6;;#N/D
472;Chacra N5 1 9;N5 5 9;Chacra N5;1;9;N5;3,6;;#N/D
473;N5 1 10;N5 5 10;N5;1;10;N5;3,6;;#N/D
474;Chacra N5 1 11;N5 5 11;Chacra N5;1;11;N5;3,6;;#N/D
475;N5 1 12;N5 5 12;N5;1;12;N5;3,6;;#N/D
476;Chacra N5 1 13;N5 5 13;Chacra N5;1;13;N5;3,6;;#N/D
477;N5 1 14;N5 5 14;N5;1;14;N5;3,6;;#N/D
478;Chacra N5 1 15;N5 5 15;Chacra N5;1;15;N5;3,6;;#N/D
479;N5 1 16;N5 5 16;N5;1;16;N5;3,6;;#N/D
480;Chacra N5 1 17;N5 5 17;Chacra N5;1;17;N5;3,6;;#N/D
481;N5 1 18;N5 5 18;N5;1;18;N5;3,6;;#N/D
482;Chacra N5 1 19;N5 5 19;Chacra N5;1;19;N5;3,6;;#N/D
483;N5 1 20;N5 5 20;N5;1;20;N5;3,6;;#N/D
484;Chacra N5 1 21;N5 5 21;Chacra N5;1;21;N5;3,6;;#N/D
485;N5 1 22;N5 5 22;N5;1;22;N5;3,6;;#N/D
486;Chacra N5 1 23;N5 5 23;Chacra N5;1;23;N5;3,6;;#N/D
487;Chacra N5 1 25;N5 5 25;Chacra N5;1;25;N5;3,6;;#N/D
488;N5 1 27;N5 5 27;N5;1;27;N5;3,6;;#N/D
489;Chacra N5 1 29;N5 5 29;Chacra N5;1;29;N5;3,6;;#N/D
490;Chacra N5 1 31;N5 5 31;Chacra N5;1;31;N5;3,6;;#N/D
491;Chacra N6 1 26;;Chacra N6;1;26;N6;#N/D;;#N/D
492;N6 6 1;N6 6 1;N6;6;1;N6;4,5;;#N/D
493;N6 6 2;N6 6 2;N6;6;2;N6;3,6;;#N/D
494;N6 6 3;;N6;6;3;N6;#N/D;;#N/D
495;N6 6 4;N6 6 4;N6;6;4;N6;3,6;;#N/D
496;N6 6 5;N6 6 5;N6;6;5;N6;3,6;;#N/D
497;N6 6 6;N6 6 6;N6;6;6;N6;3,6;;#N/D
498;N6 6 7;N6 6 7;N6;6;7;N6;3,6;;#N/D
499;N6 6 8;N6 6 8;N6;6;8;N6;3,6;;#N/D
500;N6 6 9;N6 6 9;N6;6;9;N6;3,6;;#N/D
501;N6 6 10;N6 6 10;N6;6;10;N6;3,6;;#N/D
502;N6 6 11;N6 6 11;N6;6;11;N6;3,6;;#N/D
503;N6 6 12;N6 6 12;N6;6;12;N6;3,6;;#N/D
504;N6 6 13;N6 6 13;N6;6;13;N6;3,6;;#N/D
505;N6 6 14;N6 6 14;N6;6;14;N6;3,6;;#N/D
506;N6 6 15;N6 6 15;N6;6;15;N6;3,6;;#N/D
507;N6 6 16;N6 6 16;N6;6;16;N6;3,6;;#N/D
508;N6 6 17;;N6;6;17;N6;#N/D;;#N/D
509;N6 6 18;;N6;6;18;N6;#N/D;;#N/D
510;N6 6 19;;N6;6;19;N6;#N/D;;#N/D
511;N6 6 21;;N6;6;21;N6;#N/D;;#N/D
512;N6 6 22;;N6;6;22;N6;#N/D;;#N/D
513;N6 6 23;;N6;6;23;N6;#N/D;;#N/D
514;N6 6 24;N6 6 24;N6;6;24;N6;3,6;;#N/D
515;N6 6 25;;N6;6;25;N6;#N/D;;#N/D
516;N6 6 27;N6 6 27;N6;6;27;N6;3,6;;#N/D
517;N6 6 28;N6 6 28;N6;6;28;N6;3,6;;#N/D
518;N6 6 29;N6 29;N6;6;29;N6;#N/D;;#N/D
519;N6 6 30;N6 6 30;N6;6;30;N6;3,6;;#N/D
520;N6 6 31;N6 6 31;N6;6;31;N6;3,6;;#N/D
521;N6 6 32;N6 6 32;N6;6;32;N6;3,6;;#N/D
522;N6 6 33;N6 6 33;N6;6;33;N6;3,6;;#N/D
523;N6 6 34;N6 6 34;N6;6;34;N6;3,6;;#N/D
524;N6 6 35;N6 6 35;N6;6;35;N6;3,6;;#N/D
525;N6 6 36;N6 6 36;N6;6;36;N6;3,6;;#N/D
526;N6 6 37;N6 6 37;N6;6;37;N6;3,6;;#N/D
527;N6 6 38;N6 6 38;N6;6;38;N6;3,6;;#N/D
528;N6 6 39;N6 6 39;N6;6;39;N6;3,6;;#N/D
529;N6 6 40;N6 6 40;N6;6;40;N6;3,6;;#N/D
530;N6 6 41;N6 6 41;N6;6;41;N6;3,6;;#N/D
531;N6 6 42;N6 6 42;N6;6;42;N6;3,6;;#N/D
532;N6 6 43;N6 6 43;N6;6;43;N6;3,6;;#N/D
533;N6 6 44;N6 6 44;N6;6;44;N6;3,6;;#N/D
534;N6 6 45;N6 6 45;N6;6;45;N6;3,6;;#N/D
535;N6 6 46;N6 6 46;N6;6;46;N6;3,6;;#N/D
536;N6 6 47;N6 6 47;N6;6;47;N6;3,6;;#N/D
537;N6 6 48;N6 6 48;N6;6;48;N6;3,6;;#N/D
538;Chacra N7 1 1;N7 7 1;Chacra N7;1;1;N7;1,7;N7;ROLLO ALF. MANT.
539;Chacra N7 1 2;N7 7 2;Chacra N7;1;2;N7;5,8;N7;ROLLO ALF. MANT.
540;Chacra N7 1 3;N7 7 3;Chacra N7;1;3;N7;2,9;N7;ROLLO ALF. MANT.
541;Chacra N7 1 4;N7 7 4;Chacra N7;1;4;N7;3,6;N7;ROLLO ALF. MANT.
542;Chacra N7 1 5;N7 7 5;Chacra N7;1;5;N7;3,6;N7;ROLLO ALF. MANT.
543;Chacra N7 1 6;N7 7 6;Chacra N7;1;6;N7;3,6;N7;ROLLO ALF. MANT.
544;Chacra N7 1 7;N7 7 7;Chacra N7;1;7;N7;3,6;N7;ROLLO ALF. MANT.
545;Chacra N7 1 8;N7 7 8;Chacra N7;1;8;N7;3,6;N7;ROLLO ALF. MANT.
546;Chacra N7 1 9;N7 7 9;Chacra N7;1;9;N7;3,6;N7;ROLLO ALF. MANT.
547;Chacra N7 1 10;N7 7 10;Chacra N7;1;10;N7;3,6;N7;ROLLO ALF. MANT.
548;Chacra N7 1 11;N7 7 11;Chacra N7;1;11;N7;3,6;N7;ROLLO ALF. MANT.
549;Chacra N7 1 12;N7 7 12;Chacra N7;1;12;N7;3,6;N7;ROLLO ALF. MANT.
550;Chacra N7 1 13;N7 7 13;Chacra N7;1;13;N7;3,6;N7;ROLLO ALF. MANT.
551;Chacra N7 1 14;N7 7 14;Chacra N7;1;14;N7;3,6;N7;ROLLO ALF. MANT.
552;Chacra N7 1 15;N7 7 15;Chacra N7;1;15;N7;3,6;N7;ROLLO ALF. MANT.
553;Chacra N7 1 16;N7 7 16;Chacra N7;1;16;N7;3,6;N7;ROLLO ALF. MANT.
554;Chacra N7 1 17;N7 7 17;Chacra N7;1;17;N7;3,6;N7;ROLLO ALF. MANT.
555;Chacra N7 1 18;N7 7 18;Chacra N7;1;18;N7;3,6;N7;ROLLO ALF. MANT.
556;Chacra N7 1 19;N7 7 19;Chacra N7;1;19;N7;3,6;N7;ROLLO ALF. MANT.
557;Chacra N7 1 20;N7 7 20;Chacra N7;1;20;N7;3,6;N7;ROLLO ALF. MANT.
558;Chacra N7 1 21;N7 7 21;Chacra N7;1;21;N7;3,6;N7;ROLLO ALF. MANT.
559;Chacra N7 1 22;N7 7 22;Chacra N7;1;22;N7;3,6;N7;ROLLO ALF. MANT.
560;Chacra N7 1 23;N7 7 23;Chacra N7;1;23;N7;3,6;N7;ROLLO ALF. MANT.
561;Chacra N7 1 24;N7 7 24;Chacra N7;1;24;N7;3,6;N7;ROLLO ALF. MANT.
562;Chacra N7 1 25;N7 7 25;Chacra N7;1;25;N7;3,6;N7;ROLLO ALF. MANT.
563;Chacra N7 1 26;N7 7 26;Chacra N7;1;26;N7;3,6;N7;ROLLO ALF. MANT.
564;Chacra N7 1 27;N7 7 27;Chacra N7;1;27;N7;3,6;N7;ROLLO ALF. MANT.
565;Chacra N7 1 29;N7 7 29;Chacra N7;1;29;N7;3,6;N7;ROLLO ALF. MANT.
566;Chacra N7 1 31;N7 7 31;Chacra N7;1;31;N7;2,6;N7;ROLLO ALF. MANT.
567;Chacra N7 1 33;N7 7 33;Chacra N7;1;33;N7;3,6;N7;ROLLO ALF. MANT.
568;Chacra N7 1 34;N7 7 34;Chacra N7;1;34;N7;3,6;N7;ROLLO ALF. MANT.
569;Chacra N7 1 35;N7 7 35;Chacra N7;1;35;N7;3,6;N7;ROLLO ALF. MANT.
570;Chacra N7 1 36;N7 7 36;Chacra N7;1;36;N7;3,6;N7;ROLLO ALF. MANT.
571;Chacra N7 1 37;N7 7 37;Chacra N7;1;37;N7;3,6;N7;ROLLO ALF. MANT.
572;Chacra N7 1 38;N7 7 38;Chacra N7;1;38;N7;3,6;N7;ROLLO ALF. MANT.
573;Chacra N7 1 39;N7 7 39;Chacra N7;1;39;N7;3,6;N7;ROLLO ALF. MANT.
574;Chacra N7 1 40;N7 7 40;Chacra N7;1;40;N7;3,6;N7;ROLLO ALF. MANT.
575;Chacra N7 1 41;N7 7 41;Chacra N7;1;41;N7;3,6;N7;ROLLO ALF. MANT.
576;Chacra N7 1 42;N7 7 42;Chacra N7;1;42;N7;3,6;N7;ROLLO ALF. MANT.
577;Chacra N7 1 43;N7 7 43;Chacra N7;1;43;N7;3,6;N7;ROLLO ALF. MANT.
578;Chacra N7 1 44;N7 7 44;Chacra N7;1;44;N7;3,6;N7;ROLLO ALF. MANT.
579;Chacra N7 1 45;N7 7 45;Chacra N7;1;45;N7;3,6;N7;ROLLO ALF. MANT.
580;Chacra N7 1 46;N7 7 46;Chacra N7;1;46;N7;3,6;N7;ROLLO ALF. MANT.
581;Chacra N7 1 47;N7 7 47;Chacra N7;1;47;N7;3,6;N7;ROLLO ALF. MANT.
582;Chacra N7 1 49;N7 7 49;Chacra N7;1;49;N7;3,6;N7;ROLLO ALF. MANT.
583;Chacra N7 1 51;N7 7 51;Chacra N7;1;51;N7;3,6;N7;ROLLO ALF. MANT.
584;Chacra N7 1 52;N7 7 52;Chacra N7;1;52;N7;3,6;N7;ROLLO ALF. MANT.
585;Chacra N7 1 53;N7 7 53;Chacra N7;1;53;N7;3,6;N7;ROLLO ALF. MANT.
586;Chacra N7 1 54;N7 7 54;Chacra N7;1;54;N7;3,6;N7;ROLLO ALF. MANT.
587;Chacra N7 1 56;N7 7 56;Chacra N7;1;56;N7;3,6;N7;ROLLO ALF. MANT.
588;Chacra N7 1 57;N7 7 57;Chacra N7;1;57;N7;3,6;N7;ROLLO ALF. MANT.
589;Chacra N7 1 58;N7 7 58;Chacra N7;1;58;N7;3,6;N7;ROLLO ALF. MANT.
590;Chacra N7 1 59;N7 7 59;Chacra N7;1;59;N7;3,6;N7;ROLLO ALF. MANT.
591;Chacra N7 1 60;N7 7 60;Chacra N7;1;60;N7;3,6;N7;ROLLO ALF. MANT.
592;Chacra N7 1 62;N7 7 62;Chacra N7;1;62;N7;3,6;N7;ROLLO ALF. MANT.
593;Chacra N8 1 1;N8 8 1;Chacra N8;1;1;N8;1,8;N8;ROLLO ALF. MANT.
594;Chacra N8 1 2;N8 8 2;Chacra N8;1;2;N8;5,2;N8;ROLLO ALF. MANT.
595;Chacra N8 1 3;N8 8 3;Chacra N8;1;3;N8;3,1;N8;ROLLO ALF. MANT.
596;Chacra N8 1 4;N8 8 4;Chacra N8;1;4;N8;3,6;N8;ROLLO ALF. MANT.
597;Chacra N8 1 5;N8 8 5;Chacra N8;1;5;N8;3,6;N8;ROLLO ALF. MANT.
598;Chacra N8 1 6;N8 8 6;Chacra N8;1;6;N8;3,6;N8;ROLLO ALF. MANT.
599;Chacra N8 1 7;N8 8 7;Chacra N8;1;7;N8;3,6;N8;ROLLO ALF. MANT.
600;Chacra N8 1 8;N8 8 8;Chacra N8;1;8;N8;3,6;N8;ROLLO ALF. MANT.
601;Chacra N8 1 9;N8 8 9;Chacra N8;1;9;N8;3,6;N8;ROLLO ALF. MANT.
602;Chacra N8 1 10;N8 8 10;Chacra N8;1;10;N8;3,6;N8;ROLLO ALF. MANT.
603;Chacra N8 1 11;N8 8 11;Chacra N8;1;11;N8;3,6;N8;ROLLO ALF. MANT.
604;Chacra N8 1 12;N8 8 12;Chacra N8;1;12;N8;3,6;N8;ROLLO ALF. MANT.
605;Chacra N8 1 13;N8 8 13;Chacra N8;1;13;N8;3,6;N8;ROLLO ALF. MANT.
606;Chacra N8 1 14;N8 8 14;Chacra N8;1;14;N8;3,6;N8;ROLLO ALF. MANT.
607;Chacra N8 1 15;N8 8 15;Chacra N8;1;15;N8;3,6;N8;ROLLO ALF. MANT.
608;Chacra N8 1 16;N8 8 16;Chacra N8;1;16;N8;3,6;N8;ROLLO ALF. MANT.
609;Chacra N8 1 17;N8 8 17;Chacra N8;1;17;N8;3,6;N8;ROLLO ALF. MANT.
610;Chacra N8 1 18;N8 8 18;Chacra N8;1;18;N8;3,6;N8;ROLLO ALF. MANT.
611;Chacra N8 1 19;N8 8 19;Chacra N8;1;19;N8;3,6;N8;ROLLO ALF. MANT.
612;Chacra N8 1 20;N8 8 20;Chacra N8;1;20;N8;3,6;N8;ROLLO ALF. MANT.
613;Chacra N8 1 21;N8 8 21;Chacra N8;1;21;N8;3,6;N8;ROLLO ALF. MANT.
614;Chacra N8 1 22;N8 8 22;Chacra N8;1;22;N8;3,6;N8;ROLLO ALF. MANT.
615;Chacra N8 1 23;N8 8 23;Chacra N8;1;23;N8;3,6;N8;ROLLO ALF. MANT.
616;Chacra N8 1 24;N8 8 24;Chacra N8;1;24;N8;3,6;N8;ROLLO ALF. MANT.
617;Chacra N8 1 25;N8 8 25;Chacra N8;1;25;N8;3,6;N8;ROLLO ALF. MANT.
618;Chacra N8 1 26;N8 8 26;Chacra N8;1;26;N8;3,6;N8;ROLLO ALF. MANT.
619;Chacra N8 1 27;N8 8 27;Chacra N8;1;27;N8;3,6;N8;ROLLO ALF. MANT.
620;Chacra N8 1 28;N8 8 28;Chacra N8;1;28;N8;3,6;N8;ROLLO ALF. MANT.
621;Chacra N8 1 29;N8 8 29;Chacra N8;1;29;N8;3,6;N8;ROLLO ALF. MANT.
622;Chacra N8 1 30;N8 8 30;Chacra N8;1;30;N8;3,6;N8;ROLLO ALF. MANT.
623;Chacra N8 1 31;N8 8 31;Chacra N8;1;31;N8;3,6;N8;ROLLO ALF. MANT.
624;Chacra N8 1 32;N8 8 32;Chacra N8;1;32;N8;3,6;N8;ROLLO ALF. MANT.
625;Chacra N8 1 33;N8 8 33;Chacra N8;1;33;N8;3,6;N8;ROLLO ALF. MANT.
626;Chacra N8 1 34;N8 8 34;Chacra N8;1;34;N8;3,6;N8;ROLLO ALF. MANT.
627;Chacra N8 1 35;N8 8 35;Chacra N8;1;35;N8;3,6;N8;ROLLO ALF. MANT.
628;Chacra N8 1 36;N8 8 36;Chacra N8;1;36;N8;3,6;N8;ROLLO ALF. MANT.
629;Chacra N8 1 37;N8 8 37;Chacra N8;1;37;N8;3,6;N8;ROLLO ALF. MANT.
630;Chacra N8 1 38;N8 8 38;Chacra N8;1;38;N8;3,6;N8;ROLLO ALF. MANT.
631;Chacra N8 1 39;N8 8 39;Chacra N8;1;39;N8;3,6;N8;ROLLO ALF. MANT.
632;Chacra N8 1 40;N8 8 40;Chacra N8;1;40;N8;3,6;N8;ROLLO ALF. MANT.
633;Chacra N8 1 41;N8 8 41;Chacra N8;1;41;N8;3,6;N8;ROLLO ALF. MANT.
634;Chacra N8 1 42;N8 8 42;Chacra N8;1;42;N8;3,6;N8;ROLLO ALF. MANT.
635;Chacra N8 1 43;N8 8 43;Chacra N8;1;43;N8;3,6;N8;ROLLO ALF. MANT.
636;Chacra N8 1 44;N8 8 44;Chacra N8;1;44;N8;3,6;N8;ROLLO ALF. MANT.
637;Chacra N8 1 45;N8 8 45;Chacra N8;1;45;N8;3,6;N8;ROLLO ALF. MANT.
638;Chacra N8 1 47;N8 8 47;Chacra N8;1;47;N8;3,6;N8;ROLLO ALF. MANT.
639;Chacra N8 1 49;N8 8 49;Chacra N8;1;49;N8;3,6;N8;ROLLO ALF. MANT.
640;Chacra N8 1 51;N8 8 51;Chacra N8;1;51;N8;3,6;N8;ROLLO ALF. MANT.
641;Chacra N8 1 53;N8 8 53;Chacra N8;1;53;N8;3,6;N8;ROLLO ALF. MANT.
642;Chacra N8 1 55;N8 8 55;Chacra N8;1;55;N8;3,6;N8;ROLLO ALF. MANT.
643;Chacra N8 1 57;N8 8 57;Chacra N8;1;57;N8;3,6;N8;ROLLO ALF. MANT.
644;Chacra N8 1 59;N8 8 59;Chacra N8;1;59;N8;3,6;N8;ROLLO ALF. MANT.
645;Chacra N9 1 1;;Chacra N9;1;1;N9;#N/D;;#N/D
646;Chacra N9 1 2;N9 9 2;Chacra N9;1;2;N9;6,2;N9;ROLLO ALF. MANT.
647;Chacra N9 1 4;N9 9 4;Chacra N9;1;4;N9;3,6;N9;ROLLO ALF. MANT.
648;Chacra N9 1 6;N9 9 6;Chacra N9;1;6;N9;3,6;N9;ROLLO ALF. MANT.
649;Chacra N9 1 8;N9 9 8;Chacra N9;1;8;N9;3,6;N9;ROLLO ALF. MANT.
650;N9 1 10;N9 9 10;N9;1;10;N9;3,6;N9;ROLLO ALF. MANT.
651;Chacra N9 1 11;N9 9 11;Chacra N9;1;11;N9;3,1;N9;ROLLO ALF. MANT.
652;Chacra N9 1 12;N9 9 12;Chacra N9;1;12;N9;3,6;N9;ROLLO ALF. MANT.
653;Chacra N9 1 13;N9 9 13;Chacra N9;1;13;N9;3,6;N9;ROLLO ALF. MANT.
654;Chacra N9 1 14;N9 9 14;Chacra N9;1;14;N9;3,6;N9;ROLLO ALF. MANT.
655;Chacra N9 1 15;N9 9 15;Chacra N9;1;15;N9;3,6;N9;ROLLO ALF. MANT.
656;Chacra N9 1 16;N9 9 16;Chacra N9;1;16;N9;3,6;N9;ROLLO ALF. MANT.
657;Chacra N9 1 17;N9 9 17;Chacra N9;1;17;N9;3,6;N9;ROLLO ALF. MANT.
658;Chacra N9 1 18;N9 9 18;Chacra N9;1;18;N9;3,6;N9;ROLLO ALF. MANT.
659;Chacra N9 1 19;N9 9 19;Chacra N9;1;19;N9;3,6;N9;ROLLO ALF. MANT.
660;N9 1 20;N9 9 20;N9;1;20;N9;3,6;N9;ROLLO ALF. MANT.
661;Chacra N9 1 21;N9 9 21;Chacra N9;1;21;N9;3,6;N9;ROLLO ALF. MANT.
662;N9 1 22;N9 9 22;N9;1;22;N9;3,6;N9;ROLLO ALF. MANT.
663;Chacra N9 1 23;N9 9 23;Chacra N9;1;23;N9;3,6;N9;ROLLO ALF. MANT.
664;Chacra N9 1 24;N9 9 24;Chacra N9;1;24;N9;3,6;N9;ROLLO ALF. MANT.
665;Chacra N9 1 25;N9 9 25;Chacra N9;1;25;N9;3,6;N9;ROLLO ALF. MANT.
666;Chacra N9 1 26;N9 9 26;Chacra N9;1;26;N9;3,6;N9;ROLLO ALF. MANT.
667;Chacra N9 1 27;N9 9 27;Chacra N9;1;27;N9;3,6;N9;ROLLO ALF. MANT.
668;Chacra N9 1 29;N9 9 29;Chacra N9;1;29;N9;3,6;N9;ROLLO ALF. MANT.
669;Chacra N9 1 31;N9 9 31;Chacra N9;1;31;N9;3,6;N9;ROLLO ALF. MANT.
670;Chacra N9 1 33;N9 9 33;Chacra N9;1;33;N9;3,6;N9;ROLLO ALF. MANT.
671;Chacra N9 1 35;N9 9 35;Chacra N9;1;35;N9;3,6;N9;ROLLO ALF. MANT.
672;Chacra N9 1 36;N9 9 36;Chacra N9;1;36;N9;3,6;N9;ROLLO ALF. MANT.
673;Chacra N9 1 37;N9 9 37;Chacra N9;1;37;N9;3,6;N9;ROLLO ALF. MANT.
674;Chacra N9 1 38;N9 9 38;Chacra N9;1;38;N9;3,6;N9;ROLLO ALF. MANT.
675;Chacra N9 1 39;N9 9 39;Chacra N9;1;39;N9;3,6;N9;ROLLO ALF. MANT.
676;N9 1 40;N9 9 40;N9;1;40;N9;3,6;N9;ROLLO ALF. MANT.
677;Chacra N9 1 41;N9 9 41;Chacra N9;1;41;N9;3,6;N9;ROLLO ALF. MANT.
678;Chacra N9 1 42;N9 9 42;Chacra N9;1;42;N9;3,6;N9;ROLLO ALF. MANT.
679;Chacra N9 1 43;N9 9 43;Chacra N9;1;43;N9;3,6;N9;ROLLO ALF. MANT.
680;Chacra N9 1 44;N9 9 44;Chacra N9;1;44;N9;3,6;N9;ROLLO ALF. MANT.
681;Chacra N9 1 45;N9 9 45;Chacra N9;1;45;N9;3,6;N9;ROLLO ALF. MANT.
682;Chacra N9 1 46;N9 9 46;Chacra N9;1;46;N9;3,6;N9;ROLLO ALF. MANT.
683;Chacra N9 1 47;N9 9 47;Chacra N9;1;47;N9;3,6;N9;ROLLO ALF. MANT.
684;Chacra N9 1 49;N9 9 49;Chacra N9;1;49;N9;3,6;N9;ROLLO ALF. MANT.
685;Chacra N9 1 51;N9 9 51;Chacra N9;1;51;N9;3,6;N9;ROLLO ALF. MANT.
686;Chacra N9 1 53;N9 9 53;Chacra N9;1;53;N9;3,6;N9;ROLLO ALF. MANT.
687;Chacra N9 1 55;N9 9 55;Chacra N9;1;55;N9;3,6;N9;ROLLO ALF. MANT.
688;Noroeste 1 1;Noreste 1 1;Noroeste;1;1;Noroeste;3,8;NOROESTE 4;P. MANT.
689;Noroeste 1 2;Noreste 1 2;Noroeste;1;2;Noroeste;3,7;NOROESTE 2;VERDEO RYE GRASS
690;Noroeste 1 3;Noreste 1 3;Noroeste;1;3;Noroeste;3,4;NOROESTE 4;P. MANT.
691;Noroeste 1 4;Noreste 1 4;Noroeste;1;4;Noroeste;3,3;NOROESTE 2;VERDEO RYE GRASS
692;Noroeste 1 5;Noreste 1 5;Noroeste;1;5;Noroeste;3,3;NOROESTE 4;P. MANT.
693;Noroeste 1 6;Noreste 1 6;Noroeste;1;6;Noroeste;3,3;NOROESTE 2;VERDEO RYE GRASS
694;Noroeste 1 7;Noreste 1 7;Noroeste;1;7;Noroeste;3,3;NOROESTE 1;P. IMPLAN.
695;Noroeste 1 8;Noreste 1 8;Noroeste;1;8;Noroeste;3,5;NOROESTE 2;VERDEO RYE GRASS
696;Noroeste 1 9;Noreste 1 9;Noroeste;1;9;Noroeste;3,4;NOROESTE 1;P. IMPLAN.
697;Noroeste 1 10;Noreste 1 10;Noroeste;1;10;Noroeste;3,3;NOROESTE 2;VERDEO RYE GRASS
698;Noroeste 1 11;Noreste 1 11;Noroeste;1;11;Noroeste;3,3;NOROESTE 1;P. IMPLAN.
699;Noroeste 1 12;Noreste 1 12;Noroeste;1;12;Noroeste;2,8;NOROESTE 2;VERDEO RYE GRASS
700;Noroeste 1 13;Noreste 1 13;Noroeste;1;13;Noroeste;2,8;NOROESTE 1;P. IMPLAN.
701;Noroeste 2 1;Noreste 2 1;Noroeste;2;1;Noroeste;5,8;NOROESTE 4;P. MANT.
702;Noroeste 2 2;Noreste 2 2;Noroeste;2;2;Noroeste;3,8;NOROESTE 4;P. MANT.
703;Noroeste 2 3;Noreste 2 3;Noroeste;2;3;Noroeste;2,1;NOROESTE 4;P. MANT.
704;Noroeste 2 4;Noreste 2 4;Noroeste;2;4;Noroeste;3,4;NOROESTE 4;P. MANT.
705;Noroeste 2 5;Noreste 2 5;Noroeste;2;5;Noroeste;3,2;NOROESTE 4;P. MANT.
706;Noroeste 2 6;Noreste 2 6;Noroeste;2;6;Noroeste;3,2;NOROESTE 4;P. MANT.
707;Noroeste 2 7;Noreste 2 7;Noroeste;2;7;Noroeste;3,3;NOROESTE 1;P. IMPLAN.
708;Noroeste 2 8;Noreste 2 8;Noroeste;2;8;Noroeste;3,4;NOROESTE 1;P. IMPLAN.
709;Noroeste 2 9;Noreste 2 9;Noroeste;2;9;Noroeste;3,2;NOROESTE 1;P. IMPLAN.
710;Noroeste 2 10;Noreste 2 10;Noroeste;2;10;Noroeste;3,2;NOROESTE 1;P. IMPLAN.
711;Noroeste 2 11;Noreste 2 11;Noroeste;2;11;Noroeste;3,3;NOROESTE 1;P. IMPLAN.
712;Noroeste 2 12;Noreste 2 12;Noroeste;2;12;Noroeste;3,3;NOROESTE 1;P. IMPLAN.
713;Noroeste 2 13;Noreste 2 13;Noroeste;2;13;Noroeste;3,2;NOROESTE 1;P. IMPLAN.
714;Noroeste 2 14;Noreste 2 14;Noroeste;2;14;Noroeste;2,8;NOROESTE 1;P. IMPLAN.
715;Noroeste 2 15;Noreste 2 15;Noroeste;2;15;Noroeste;3,3;NOROESTE 1;P. IMPLAN.
716;Noroeste 2 16;;Noroeste;2;16;Noroeste;#N/D;;#N/D
717;Noroeste 2 17;Noreste 2 17;Noroeste;2;17;Noroeste;2,6;NOROESTE 1;P. IMPLAN.
718;Noroeste 3 1;Noreste 3 1;Noroeste;3;1;Noroeste;1,9;NOROESTE 5;P. MANT.
719;Noroeste 3 2;Noreste 3 2;Noroeste;3;2;Noroeste;2,2;NOROESTE 4;P. MANT.
720;Noroeste 3 3;Noreste 3 3;Noroeste;3;3;Noroeste;3,4;NOROESTE 5;P. MANT.
721;Noroeste 3 4;Noreste 3 4;Noroeste;3;4;Noroeste;3,3;NOROESTE 4;P. MANT.
722;Noroeste 3 5;Noreste 3 5;Noroeste;3;5;Noroeste;3,2;NOROESTE 5;P. MANT.
723;Noroeste 3 6;Noreste 3 6;Noroeste;3;6;Noroeste;3,3;NOROESTE 4;P. MANT.
724;Noroeste 3 7;Noreste 3 7;Noroeste;3;7;Noroeste;3,3;NOROESTE 5;P. MANT.
725;Noroeste 3 8;Noreste 3 8;Noroeste;3;8;Noroeste;3,3;NOROESTE 1;P. IMPLAN.
726;Noroeste 3 9;Noreste 3 9;Noroeste;3;9;Noroeste;3,4;NOROESTE 5;P. MANT.
727;Noroeste 3 10;Noreste 3 10;Noroeste;3;10;Noroeste;3,4;NOROESTE 1;P. IMPLAN.
728;Noroeste 3 11;Noreste 3 11;Noroeste;3;11;Noroeste;3,4;NOROESTE 5;P. MANT.
729;Noroeste 3 12;Noreste 3 12;Noroeste;3;12;Noroeste;3,3;NOROESTE 1;P. IMPLAN.
730;Noroeste 3 13;Noreste 3 13;Noroeste;3;13;Noroeste;3,3;NOROESTE 5;P. MANT.
731;Noroeste 3 14;Noreste 3 14;Noroeste;3;14;Noroeste;3,3;NOROESTE 1;P. IMPLAN.
732;Noroeste 3 15;Noreste 3 15;Noroeste;3;15;Noroeste;2,6;NOROESTE 5;P. MANT.
733;Noroeste 3 16;Noreste 3 16;Noroeste;3;16;Noroeste;2,6;NOROESTE 1;P. IMPLAN.
734;Noroeste 4 1;Noreste 4 1;Noroeste;4;1;Noroeste;2,5;NOROESTE 5;P. MANT.
735;Noroeste 4 2;Noreste 4 2;Noroeste;4;2;Noroeste;2,1;NOROESTE 5;P. MANT.
736;Noroeste 4 3;Noreste 4 3;Noroeste;4;3;Noroeste;2,6;NOROESTE 5;P. MANT.
737;Noroeste 4 4;Noreste 4 4;Noroeste;4;4;Noroeste;3,3;NOROESTE 5;P. MANT.
738;Noroeste 4 5;Noreste 4 5;Noroeste;4;5;Noroeste;3,3;NOROESTE 5;P. MANT.
739;Noroeste 4 6;Noreste 4 6;Noroeste;4;6;Noroeste;3,3;NOROESTE 5;P. MANT.
740;Noroeste 4 7;Noreste 4 7;Noroeste;4;7;Noroeste;3,3;NOROESTE 5;P. MANT.
741;Noroeste 4 8;Noreste 4 8;Noroeste;4;8;Noroeste;3,4;NOROESTE 5;P. MANT.
742;Noroeste 4 9;Noreste 4 9;Noroeste;4;9;Noroeste;3,4;NOROESTE 5;P. MANT.
743;Noroeste 4 10;Noreste 4 10;Noroeste;4;10;Noroeste;3,3;NOROESTE 5;P. MANT.
744;Noroeste 4 11;Noreste 4 11;Noroeste;4;11;Noroeste;3,3;NOROESTE 5;P. MANT.
745;Noroeste 4 12;Noreste 4 12;Noroeste;4;12;Noroeste;2,6;NOROESTE 5;P. MANT.
746;Noroeste 4 13;Noreste 4 13;Noroeste;4;13;Noroeste;2,5;NOROESTE 5;P. MANT.
747;Noroeste 5 1;Noreste 5 1;Noroeste;5;1;Noroeste;3;NOROESTE 5;P. MANT.
748;Noroeste 5 2;Noreste 5 2;Noroeste;5;2;Noroeste;1,5;NOROESTE 5;P. MANT.
749;Noroeste 5 3;Noreste 5 3;Noroeste;5;3;Noroeste;3,3;NOROESTE 5;P. MANT.
750;Noroeste 5 4;Noreste 5 4;Noroeste;5;4;Noroeste;3,2;NOROESTE 5;P. MANT.
751;Noroeste 5 5;Noreste 5 5;Noroeste;5;5;Noroeste;3,4;NOROESTE 5;P. MANT.
752;Noroeste 5 6;Noreste 5 6;Noroeste;5;6;Noroeste;3,4;NOROESTE 5;P. MANT.
753;Noroeste 5 7;Noreste 5 7;Noroeste;5;7;Noroeste;3,3;NOROESTE 5;P. MANT.
754;Noroeste 5 8;Noreste 5 8;Noroeste;5;8;Noroeste;3,4;NOROESTE 5;P. MANT.
755;Noroeste 5 9;Noreste 5 9;Noroeste;5;9;Noroeste;2,5;NOROESTE 5;P. MANT.
756;Noroeste 5 10;Noreste 5 10;Noroeste;5;10;Noroeste;3,4;NOROESTE 5;P. MANT.
757;Noroeste 5 12;Noreste 5 12;Noroeste;5;12;Noroeste;2,5;NOROESTE 5;P. MANT.
758;Noroeste 6 1;;Noroeste;6;1;Noroeste;#N/D;;#N/D
759;Noroeste 6 2;Noreste 6 2;Noroeste;6;2;Noroeste;3,1;NOROESTE 3;P. MANT.
760;Noroeste 6 4;Noreste 6 4;Noroeste;6;4;Noroeste;3,3;NOROESTE 3;P. MANT.
761;Noroeste 6 6;Noreste 6 6;Noroeste;6;6;Noroeste;3,4;NOROESTE 3;P. MANT.
762;Noroeste 6 8;Noreste 6 8;Noroeste;6;8;Noroeste;3,3;NOROESTE 3;P. MANT.
763;Noroeste 6 10;Noreste 6 10;Noroeste;6;10;Noroeste;2,5;NOROESTE 3;P. MANT.
764;Noroeste 7 1;Noreste 7 1;Noroeste;7;1;Noroeste;4,2;NOROESTE 3;P. MANT.
765;Noroeste 7 3;Noreste 7 3;Noroeste;7;3;Noroeste;4,2;NOROESTE 3;P. MANT.
766;Noroeste 7 5;Noreste 7 5;Noroeste;7;5;Noroeste;3,6;NOROESTE 3;P. MANT.
767;Noroeste 7 7;Noreste 7 7;Noroeste;7;7;Noroeste;5,4;NOROESTE 3;P. MANT.
768;Noroeste 7 9;Noreste 7 9;Noroeste;7;9;Noroeste;3,2;NOROESTE 3;P. MANT.
769;Noroeste 7 11;Noreste 7 11;Noroeste;7;11;Noroeste;2,9;NOROESTE 3;P. MANT.
770;Noroeste 7 13;Noreste 7 13;Noroeste;7;13;Noroeste;3,7;NOROESTE 3;P. MANT.
771;Chacra Nueva1 1;Nueva 1 1;Chacra Nueva;1;1;Nueva;2,1;CHACRA NUEVA 4;P. MANT.
772;Chacra Nueva1 2;Nueva 1 2;Chacra Nueva;1;2;Nueva;1,2;CHACRA NUEVA 4;P. MANT.
773;Chacra Nueva1 3;Nueva 1 3;Chacra Nueva;1;3;Nueva;2,3;CHACRA NUEVA 4;P. MANT.
774;Chacra Nueva1 4;Nueva 1 4;Chacra Nueva;1;4;Nueva;2,4;CHACRA NUEVA 4;P. MANT.
775;Chacra Nueva1 5;Nueva 1 5;Chacra Nueva;1;5;Nueva;2,2;CHACRA NUEVA 4;P. MANT.
776;Chacra Nueva1 6;Nueva 1 6;Chacra Nueva;1;6;Nueva;1,8;CHACRA NUEVA 4;P. MANT.
777;Chacra Nueva1 7;Nueva 1 7;Chacra Nueva;1;7;Nueva;3,6;CHACRA NUEVA 4;P. MANT.
778;Chacra Nueva1 9;Nueva 1 9;Chacra Nueva;1;9;Nueva;3,3;CHACRA NUEVA 4;P. MANT.
779;Chacra Nueva1 11;Nueva 1 11;Chacra Nueva;1;11;Nueva;2,9;CHACRA NUEVA 4;P. MANT.
780;Chacra Nueva1 13;Nueva 1 13;Chacra Nueva;1;13;Nueva;2,2;CHACRA NUEVA 4;P. MANT.
781;Chacra Nueva1 15;Nueva 1 15;Chacra Nueva;1;15;Nueva;1,9;CHACRA NUEVA 4;P. MANT.
782;Nueva 1 17;Nueva 1 17;Nueva;1;17;Nueva;1;CHACRA NUEVA 4;P. MANT.
783;Chacra Nueva2 1;Nueva 2 1;Chacra Nueva;2;1;Nueva;1,4;CHACRA NUEVA 5;P. MANT.
784;Chacra Nueva2 2;Nueva 2 2;Chacra Nueva;2;2;Nueva;1,7;CHACRA NUEVA 1;MAIZ
785;Chacra Nueva2 3;Nueva 2 3;Chacra Nueva;2;3;Nueva;2,4;CHACRA NUEVA 5;P. MANT.
786;Chacra Nueva2 4;Nueva 2 4;Chacra Nueva;2;4;Nueva;1,9;CHACRA NUEVA 1;MAIZ
787;Chacra Nueva2 5;Nueva 2 5;Chacra Nueva;2;5;Nueva;2,5;CHACRA NUEVA 5;P. MANT.
788;Chacra Nueva2 6;Nueva 2 6;Chacra Nueva;2;6;Nueva;2,1;CHACRA NUEVA 1;MAIZ
789;Chacra Nueva2 7;Nueva 2 7;Chacra Nueva;2;7;Nueva;2,5;CHACRA NUEVA 5;P. MANT.
790;Chacra Nueva2 8;Nueva 2 8;Chacra Nueva;2;8;Nueva;2,1;CHACRA NUEVA 1;MAIZ
791;Chacra Nueva2 9;Nueva 2 9;Chacra Nueva;2;9;Nueva;2,4;CHACRA NUEVA 5;P. MANT.
792;Chacra Nueva2 10;Nueva 2 10;Chacra Nueva;2;10;Nueva;2,2;CHACRA NUEVA 1;MAIZ
793;Chacra Nueva2 11;Nueva 2 11;Chacra Nueva;2;11;Nueva;2,4;CHACRA NUEVA 5;P. MANT.
794;Chacra Nueva2 12;Nueva 2 12;Chacra Nueva;2;12;Nueva;2,2;CHACRA NUEVA 1;MAIZ
795;Chacra Nueva2 13;Nueva 2 13;Chacra Nueva;2;13;Nueva;2,5;CHACRA NUEVA 5;P. MANT.
796;Chacra Nueva2 14;Nueva 2 14;Chacra Nueva;2;14;Nueva;2,1;CHACRA NUEVA 1;MAIZ
797;Chacra Nueva2 15;Nueva 2 15;Chacra Nueva;2;15;Nueva;2,7;CHACRA NUEVA 5;P. MANT.
798;Chacra Nueva2 16;Nueva 2 16;Chacra Nueva;2;16;Nueva;2,1;CHACRA NUEVA 1;MAIZ
799;Chacra Nueva2 17;;Chacra Nueva;2;17;Nueva;#N/D;;#N/D
800;Chacra Nueva2 18;Nueva 2 18;Chacra Nueva;2;18;Nueva;2,1;CHACRA NUEVA 1;MAIZ
801;Chacra Nueva2 20;Nueva 2 20;Chacra Nueva;2;20;Nueva;2,1;CHACRA NUEVA 1;MAIZ
802;Chacra Nueva3 1;Nueva 3 1;Chacra Nueva;3;1;Nueva;2,7;CHACRA NUEVA 2;P. IMPLAN.
803;Chacra Nueva3 2;Nueva 3 2;Chacra Nueva;3;2;Nueva;3,3;CHACRA NUEVA 5;P. MANT.
804;Chacra Nueva3 3;Nueva 3 3;Chacra Nueva;3;3;Nueva;3,2;CHACRA NUEVA 2;P. IMPLAN.
805;Chacra Nueva3 4;Nueva 3 4;Chacra Nueva;3;4;Nueva;2,5;CHACRA NUEVA 5;P. MANT.
806;Chacra Nueva3 5;Nueva 3 5;Chacra Nueva;3;5;Nueva;1,4;CHACRA NUEVA 5;P. MANT.
807;Chacra Nueva3 6;Nueva 3 6;Chacra Nueva;3;6;Nueva;2,6;CHACRA NUEVA 5;P. MANT.
808;Chacra Nueva3 7;Nueva 3 7;Chacra Nueva;3;7;Nueva;2,3;CHACRA NUEVA 5;P. MANT.
809;Chacra Nueva3 8;Nueva 3 8;Chacra Nueva;3;8;Nueva;2,6;CHACRA NUEVA 5;P. MANT.
810;Chacra Nueva3 9;Nueva 3 9;Chacra Nueva;3;9;Nueva;2,5;CHACRA NUEVA 5;P. MANT.
811;Chacra Nueva3 10;Nueva 3 10;Chacra Nueva;3;10;Nueva;2,5;CHACRA NUEVA 5;P. MANT.
812;Chacra Nueva3 11;Nueva 3 11;Chacra Nueva;3;11;Nueva;2,5;CHACRA NUEVA 5;P. MANT.
813;Chacra Nueva3 12;Nueva 3 12;Chacra Nueva;3;12;Nueva;2,5;CHACRA NUEVA 5;P. MANT.
814;Chacra Nueva3 13;Nueva 3 13;Chacra Nueva;3;13;Nueva;2,5;CHACRA NUEVA 5;P. MANT.
815;Chacra Nueva3 14;Nueva 3 14;Chacra Nueva;3;14;Nueva;3;CHACRA NUEVA 5;P. MANT.
816;Chacra Nueva3 15;Nueva 3 15;Chacra Nueva;3;15;Nueva;2,4;CHACRA NUEVA 5;P. MANT.
817;Chacra Nueva3 17;Nueva 3 17;Chacra Nueva;3;17;Nueva;2,4;CHACRA NUEVA 5;P. MANT.
818;Chacra Nueva3 19;Nueva 3 19;Chacra Nueva;3;19;Nueva;2,9;CHACRA NUEVA 5;P. MANT.
819;Chacra Nueva4 1;Nueva 4 1;Chacra Nueva;4;1;Nueva;2,1;CHACRA NUEVA 2;P. IMPLAN.
820;Chacra Nueva4 2;Nueva 4 2;Chacra Nueva;4;2;Nueva;3,5;CHACRA NUEVA 2;P. IMPLAN.
821;Chacra Nueva4 3;Nueva 4 3;Chacra Nueva;4;3;Nueva;2,9;CHACRA NUEVA 3;MAIZ
822;Chacra Nueva4 4;Nueva 4 4;Chacra Nueva;4;4;Nueva;2,2;CHACRA NUEVA 5;P. MANT.
823;Chacra Nueva4 5;Nueva 4 5;Chacra Nueva;4;5;Nueva;2,4;CHACRA NUEVA 3;MAIZ
824;Chacra Nueva4 6;Nueva 4 6;Chacra Nueva;4;6;Nueva;2,4;CHACRA NUEVA 5;P. MANT.
825;Chacra Nueva4 7;Nueva 4 7;Chacra Nueva;4;7;Nueva;2,6;CHACRA NUEVA 3;MAIZ
826;Chacra Nueva4 8;Nueva 4 8;Chacra Nueva;4;8;Nueva;2,6;CHACRA NUEVA 5;P. MANT.
827;Chacra Nueva4 9;Nueva 4 9;Chacra Nueva;4;9;Nueva;2,6;CHACRA NUEVA 3;MAIZ
828;Chacra Nueva4 10;Nueva 4 10;Chacra Nueva;4;10;Nueva;2,6;CHACRA NUEVA 5;P. MANT.
829;Chacra Nueva4 11;Nueva 4 11;Chacra Nueva;4;11;Nueva;2,5;CHACRA NUEVA 3;MAIZ
830;Chacra Nueva4 12;Nueva 4 12;Chacra Nueva;4;12;Nueva;2,5;CHACRA NUEVA 5;P. MANT.
831;Chacra Nueva4 13;Nueva 4 13;Chacra Nueva;4;13;Nueva;2,6;CHACRA NUEVA 3;MAIZ
832;Chacra Nueva4 14;Nueva 4 14;Chacra Nueva;4;14;Nueva;2,5;CHACRA NUEVA 5;P. MANT.
833;Chacra Nueva4 15;Nueva 4 15;Chacra Nueva;4;15;Nueva;2,6;CHACRA NUEVA 3;MAIZ
834;Chacra Nueva4 16;Nueva 4 16;Chacra Nueva;4;16;Nueva;2,5;CHACRA NUEVA 5;P. MANT.
835;Chacra Nueva4 17;Nueva 4 17;Chacra Nueva;4;17;Nueva;2,8;CHACRA NUEVA 3;MAIZ
836;Chacra Nueva4 18;Nueva 4 18;Chacra Nueva;4;18;Nueva;2,9;CHACRA NUEVA 5;P. MANT.
837;Chacra Nueva5 1;Nueva 5 1;Chacra Nueva;5;1;Nueva;1,3;CHACRA NUEVA 2;P. IMPLAN.
838;Chacra Nueva5 2;Nueva 5 2;Chacra Nueva;5;2;Nueva;2,2;CHACRA NUEVA 3;MAIZ
839;Chacra Nueva5 3;Nueva 5 3;Chacra Nueva;5;3;Nueva;1,6;CHACRA NUEVA 2;P. IMPLAN.
840;Chacra Nueva5 4;Nueva 5 4;Chacra Nueva;5;4;Nueva;2,1;CHACRA NUEVA 3;MAIZ
841;Chacra Nueva5 5;Nueva 5 5;Chacra Nueva;5;5;Nueva;1,8;CHACRA NUEVA 2;P. IMPLAN.
842;Chacra Nueva5 6;Nueva 5 6;Chacra Nueva;5;6;Nueva;2,4;CHACRA NUEVA 3;MAIZ
843;Chacra Nueva5 7;Nueva 5 7;Chacra Nueva;5;7;Nueva;1,7;CHACRA NUEVA 2;P. IMPLAN.
844;Chacra Nueva5 8;Nueva 5 8;Chacra Nueva;5;8;Nueva;2,4;CHACRA NUEVA 3;MAIZ
845;Chacra Nueva5 9;Nueva 5 9;Chacra Nueva;5;9;Nueva;2,1;CHACRA NUEVA 2;P. IMPLAN.
846;Chacra Nueva5 10;Nueva 5 10;Chacra Nueva;5;10;Nueva;2,2;CHACRA NUEVA 3;MAIZ
847;Chacra Nueva5 11;Nueva 5 11;Chacra Nueva;5;11;Nueva;2,2;CHACRA NUEVA 2;P. IMPLAN.
848;Chacra Nueva5 12;Nueva 5 12;Chacra Nueva;5;12;Nueva;2,4;CHACRA NUEVA 3;MAIZ
849;Chacra Nueva5 13;Nueva 5 13;Chacra Nueva;5;13;Nueva;2,4;CHACRA NUEVA 2;P. IMPLAN.
850;Chacra Nueva5 14;Nueva 5 14;Chacra Nueva;5;14;Nueva;2,5;CHACRA NUEVA 3;MAIZ
851;Chacra Nueva5 16;Nueva 5 16;Chacra Nueva;5;16;Nueva;2,6;CHACRA NUEVA 3;MAIZ
852;Chacra Vieja1 1;Chacra Vieja 1 1;Chacra Vieja;1;1;Vieja;1;CHACRA VIEJA 4;P. MANT.
853;Chacra Vieja1 2;Chacra Vieja 1 2;Chacra Vieja;1;2;Vieja;1;CHACRA VIEJA 4;P. MANT.
854;Chacra Vieja1 3;Chacra Vieja 1 3;Chacra Vieja;1;3;Vieja;1,1;CHACRA VIEJA 4;P. MANT.
855;Chacra Vieja1 4;Chacra Vieja 1 4;Chacra Vieja;1;4;Vieja;1,2;CHACRA VIEJA 4;P. MANT.
856;Chacra Vieja1 5;Chacra Vieja 1 5;Chacra Vieja;1;5;Vieja;1,1;CHACRA VIEJA 4;P. MANT.
857;Chacra Vieja1 6;Chacra Vieja 1 6;Chacra Vieja;1;6;Vieja;1,1;CHACRA VIEJA 4;P. MANT.
858;Chacra Vieja1 7;Chacra Vieja 1 7;Chacra Vieja;1;7;Vieja;1,2;CHACRA VIEJA 4;P. MANT.
859;Chacra Vieja1 8;Chacra Vieja 1 8;Chacra Vieja;1;8;Vieja;1,2;CHACRA VIEJA 4;P. MANT.
860;Chacra Vieja1 9;Chacra Vieja 1 9;Chacra Vieja;1;9;Vieja;1,1;CHACRA VIEJA 4;P. MANT.
861;Chacra Vieja1 10;Chacra Vieja 1 10;Chacra Vieja;1;10;Vieja;1,1;CHACRA VIEJA 4;P. MANT.
862;Chacra Vieja1 11;Chacra Vieja 1 11;Chacra Vieja;1;11;Vieja;1,1;CHACRA VIEJA 4;P. MANT.
863;Chacra Vieja1 12;Chacra Vieja 1 12;Chacra Vieja;1;12;Vieja;1,1;CHACRA VIEJA 4;P. MANT.
864;Chacra Vieja1 13;Chacra Vieja 1 13;Chacra Vieja;1;13;Vieja;1,1;CHACRA VIEJA 4;P. MANT.
865;Chacra Vieja1 14;Chacra Vieja 1 14;Chacra Vieja;1;14;Vieja;1,2;CHACRA VIEJA 4;P. MANT.
866;Chacra Vieja1 15;Chacra Vieja 1 15;Chacra Vieja;1;15;Vieja;1,2;CHACRA VIEJA 4;P. MANT.
867;Chacra Vieja1 16;Chacra Vieja 1 16;Chacra Vieja;1;16;Vieja;1,2;CHACRA VIEJA 4;P. MANT.
868;Chacra Vieja1 17;Chacra Vieja 1 17;Chacra Vieja;1;17;Vieja;1,2;CHACRA VIEJA 4;P. MANT.
869;Chacra Vieja1 18;Chacra Vieja 1 18;Chacra Vieja;1;18;Vieja;1,1;CHACRA VIEJA 4;P. MANT.
870;Chacra Vieja1 19;Chacra Vieja 1 19;Chacra Vieja;1;19;Vieja;1,1;CHACRA VIEJA 4;P. MANT.
871;Chacra Vieja1 20;Chacra Vieja 1 20;Chacra Vieja;1;20;Vieja;1,2;CHACRA VIEJA 4;P. MANT.
872;Chacra Vieja1 21;Chacra Vieja 1 21;Chacra Vieja;1;21;Vieja;1,2;CHACRA VIEJA 4;P. MANT.
873;Chacra Vieja1 22;Chacra Vieja 1 22;Chacra Vieja;1;22;Vieja;1,2;CHACRA VIEJA 4;P. MANT.
874;Chacra Vieja1 23;Chacra Vieja 1 23;Chacra Vieja;1;23;Vieja;1,1;CHACRA VIEJA 4;P. MANT.
875;Chacra Vieja1 24;Chacra Vieja 1 24;Chacra Vieja;1;24;Vieja;1,1;CHACRA VIEJA 4;P. MANT.
876;Chacra Vieja1 25;Chacra Vieja 1 25;Chacra Vieja;1;25;Vieja;1,2;CHACRA VIEJA 4;P. MANT.
877;Chacra Vieja1 26;Chacra Vieja 1 26;Chacra Vieja;1;26;Vieja;1,2;CHACRA VIEJA 4;P. MANT.
878;Chacra Vieja1 27;Chacra Vieja 1 27;Chacra Vieja;1;27;Vieja;1,2;CHACRA VIEJA 4;P. MANT.
879;Chacra Vieja1 28;Chacra Vieja 1 28;Chacra Vieja;1;28;Vieja;1,2;CHACRA VIEJA 4;P. MANT.
880;Chacra Vieja1 29;Chacra Vieja 1 29;Chacra Vieja;1;29;Vieja;1,1;CHACRA VIEJA 4;P. MANT.
881;Chacra Vieja1 30;Chacra Vieja 1 30;Chacra Vieja;1;30;Vieja;1,2;CHACRA VIEJA 4;P. MANT.
882;Chacra Vieja1 31;Chacra Vieja 1 31;Chacra Vieja;1;31;Vieja;1,2;CHACRA VIEJA 4;P. MANT.
883;Chacra Vieja1 32;Chacra Vieja 1 32;Chacra Vieja;1;32;Vieja;1,1;CHACRA VIEJA 4;P. MANT.
884;Chacra Vieja1 33;Chacra Vieja 1 33;Chacra Vieja;1;33;Vieja;1,1;CHACRA VIEJA 4;P. MANT.
885;Chacra Vieja1 34;Chacra Vieja 1 34;Chacra Vieja;1;34;Vieja;1,2;CHACRA VIEJA 4;P. MANT.
886;Chacra Vieja1 35;Chacra Vieja 1 35;Chacra Vieja;1;35;Vieja;1,2;CHACRA VIEJA 4;P. MANT.
887;Chacra Vieja1 36;Chacra Vieja 1 36;Chacra Vieja;1;36;Vieja;1,1;CHACRA VIEJA 4;P. MANT.
888;Chacra Vieja1 37;Chacra Vieja 1 37;Chacra Vieja;1;37;Vieja;1,1;CHACRA VIEJA 4;P. MANT.
889;Chacra Vieja1 38;Chacra Vieja 1 38;Chacra Vieja;1;38;Vieja;1,2;CHACRA VIEJA 4;P. MANT.
890;Chacra Vieja1 39;Chacra Vieja 1 39;Chacra Vieja;1;39;Vieja;1,1;CHACRA VIEJA 4;P. MANT.
891;Chacra Vieja1 40;Chacra Vieja 1 40;Chacra Vieja;1;40;Vieja;1,1;CHACRA VIEJA 4;P. MANT.
892;Chacra Vieja2 1;Chacra Vieja 2 1;Chacra Vieja;2;1;Vieja;1;CHACRA VIEJA 4;P. MANT.
893;Chacra Vieja2 2;;Chacra Vieja;2;2;Vieja;#N/D;;#N/D
894;Chacra Vieja2 3;Chacra Vieja 2 3;Chacra Vieja;2;3;Vieja;1,2;CHACRA VIEJA 4;P. MANT.
895;Chacra Vieja2 4;;Chacra Vieja;2;4;Vieja;#N/D;;#N/D
896;Chacra Vieja2 5;Chacra Vieja 2 5;Chacra Vieja;2;5;Vieja;1,2;CHACRA VIEJA 4;P. MANT.
897;Chacra Vieja2 7;Chacra Vieja 2 7;Chacra Vieja;2;7;Vieja;1,2;CHACRA VIEJA 4;P. MANT.
898;Chacra Vieja2 9;Chacra Vieja 2 9;Chacra Vieja;2;9;Vieja;1,1;CHACRA VIEJA 4;P. MANT.
899;Chacra Vieja2 10;Chacra Vieja 2 10;Chacra Vieja;2;10;Vieja;1,1;CHACRA VIEJA 3;P. MANT.
900;Chacra Vieja2 11;Chacra Vieja 2 11;Chacra Vieja;2;11;Vieja;1,1;CHACRA VIEJA 4;P. MANT.
901;Chacra Vieja2 12;Chacra Vieja 2 12;Chacra Vieja;2;12;Vieja;1,2;CHACRA VIEJA 3;P. MANT.
902;Chacra Vieja2 13;Chacra Vieja 2 13;Chacra Vieja;2;13;Vieja;1,2;CHACRA VIEJA 4;P. MANT.
903;Chacra Vieja2 14;Chacra Vieja 2 14;Chacra Vieja;2;14;Vieja;1,2;CHACRA VIEJA 3;P. MANT.
904;Chacra Vieja2 15;Chacra Vieja 2 15;Chacra Vieja;2;15;Vieja;1,2;CHACRA VIEJA 4;P. MANT.
905;Chacra Vieja2 16;Chacra Vieja 2 16;Chacra Vieja;2;16;Vieja;1,2;CHACRA VIEJA 3;P. MANT.
906;Chacra Vieja2 17;Chacra Vieja 2 17;Chacra Vieja;2;17;Vieja;1,2;CHACRA VIEJA 4;P. MANT.
907;Chacra Vieja2 18;Chacra Vieja 2 18;Chacra Vieja;2;18;Vieja;1,2;CHACRA VIEJA 3;P. MANT.
908;Chacra Vieja2 19;Chacra Vieja 2 19;Chacra Vieja;2;19;Vieja;1,2;CHACRA VIEJA 4;P. MANT.
909;Chacra Vieja2 20;Chacra Vieja 2 20;Chacra Vieja;2;20;Vieja;1,2;CHACRA VIEJA 3;P. MANT.
910;Chacra Vieja2 21;Chacra Vieja 2 21;Chacra Vieja;2;21;Vieja;1,2;CHACRA VIEJA 4;P. MANT.
911;Chacra Vieja2 22;Chacra Vieja 2 22;Chacra Vieja;2;22;Vieja;1,2;CHACRA VIEJA 3;P. MANT.
912;Chacra Vieja2 23;Chacra Vieja 2 23;Chacra Vieja;2;23;Vieja;1,2;CHACRA VIEJA 4;P. MANT.
913;Chacra Vieja2 24;Chacra Vieja 2 24;Chacra Vieja;2;24;Vieja;1,2;CHACRA VIEJA 3;P. MANT.
914;Chacra Vieja2 25;Chacra Vieja 2 25;Chacra Vieja;2;25;Vieja;1,2;CHACRA VIEJA 4;P. MANT.
915;Chacra Vieja2 26;Chacra Vieja 2 26;Chacra Vieja;2;26;Vieja;1,2;CHACRA VIEJA 3;P. MANT.
916;Chacra Vieja2 27;Chacra Vieja 2 27;Chacra Vieja;2;27;Vieja;1,2;CHACRA VIEJA 4;P. MANT.
917;Chacra Vieja2 28;Chacra Vieja 2 28;Chacra Vieja;2;28;Vieja;1,2;CHACRA VIEJA 3;P. MANT.
918;Chacra Vieja2 29;Chacra Vieja 2 29;Chacra Vieja;2;29;Vieja;1,2;CHACRA VIEJA 4;P. MANT.
919;Chacra Vieja2 30;Chacra Vieja 2 30;Chacra Vieja;2;30;Vieja;1,2;CHACRA VIEJA 3;P. MANT.
920;Chacra Vieja2 31;Chacra Vieja 2 31;Chacra Vieja;2;31;Vieja;1,1;CHACRA VIEJA 4;P. MANT.
921;Chacra Vieja2 32;Chacra Vieja 2 32;Chacra Vieja;2;32;Vieja;1,1;CHACRA VIEJA 3;P. MANT.
922;Chacra Vieja2 33;Chacra Vieja 2 33;Chacra Vieja;2;33;Vieja;1,2;CHACRA VIEJA 4;P. MANT.
923;Chacra Vieja2 34;Chacra Vieja 2 34;Chacra Vieja;2;34;Vieja;1,1;CHACRA VIEJA 3;P. MANT.
924;Chacra Vieja2 35;Chacra Vieja 2 35;Chacra Vieja;2;35;Vieja;1,2;CHACRA VIEJA 4;P. MANT.
925;Chacra Vieja2 36;Chacra Vieja 2 36;Chacra Vieja;2;36;Vieja;1,2;CHACRA VIEJA 3;P. MANT.
926;Chacra Vieja2 37;Chacra Vieja 2 37;Chacra Vieja;2;37;Vieja;1,2;CHACRA VIEJA 4;P. MANT.
927;Chacra Vieja2 38;Chacra Vieja 2 38;Chacra Vieja;2;38;Vieja;1,1;CHACRA VIEJA 3;P. MANT.
928;Chacra Vieja2 39;Chacra Vieja 2 39;Chacra Vieja;2;39;Vieja;1,1;CHACRA VIEJA 4;P. MANT.
929;Chacra Vieja2 40;Chacra Vieja 2 40;Chacra Vieja;2;40;Vieja;1,1;CHACRA VIEJA 3;P. MANT.
930;Chacra Vieja2 41;Chacra Vieja 2 41;Chacra Vieja;2;41;Vieja;2,7;CHACRA VIEJA 3;P. MANT.
931;Chacra Vieja3 1;Chacra Vieja 3 1;Chacra Vieja;3;1;Vieja;1,1;CHACRA VIEJA 3;P. MANT.
932;Chacra Vieja3 2;Chacra Vieja 3 2;Chacra Vieja;3;2;Vieja;1;CHACRA VIEJA 3;P. MANT.
933;Chacra Vieja3 3;Chacra Vieja 3 3;Chacra Vieja;3;3;Vieja;1,2;CHACRA VIEJA 3;P. MANT.
934;Chacra Vieja3 4;Chacra Vieja 3 4;Chacra Vieja;3;4;Vieja;1,1;CHACRA VIEJA 3;P. MANT.
935;Chacra Vieja3 5;Chacra Vieja 3 5;Chacra Vieja;3;5;Vieja;1,2;CHACRA VIEJA 3;P. MANT.
936;Chacra Vieja3 6;Chacra Vieja 3 6;Chacra Vieja;3;6;Vieja;1,1;CHACRA VIEJA 3;P. MANT.
937;Chacra Vieja3 7;Chacra Vieja 3 7;Chacra Vieja;3;7;Vieja;1,2;CHACRA VIEJA 3;P. MANT.
938;Chacra Vieja3 8;Chacra Vieja 3 8;Chacra Vieja;3;8;Vieja;1,1;CHACRA VIEJA 3;P. MANT.
939;Chacra Vieja3 9;Chacra Vieja 3 9;Chacra Vieja;3;9;Vieja;1,2;CHACRA VIEJA 3;P. MANT.
940;Chacra Vieja3 10;Chacra Vieja 3 10;Chacra Vieja;3;10;Vieja;1,1;CHACRA VIEJA 3;P. MANT.
941;Chacra Vieja3 11;Chacra Vieja 3 11;Chacra Vieja;3;11;Vieja;1,2;CHACRA VIEJA 3;P. MANT.
942;Chacra Vieja3 12;Chacra Vieja 3 12;Chacra Vieja;3;12;Vieja;1,1;CHACRA VIEJA 3;P. MANT.
943;Chacra Vieja3 13;Chacra Vieja 3 13;Chacra Vieja;3;13;Vieja;1,2;CHACRA VIEJA 3;P. MANT.
944;Chacra Vieja3 14;Chacra Vieja 3 14;Chacra Vieja;3;14;Vieja;1,1;CHACRA VIEJA 3;P. MANT.
945;Chacra Vieja3 15;Chacra Vieja 3 15;Chacra Vieja;3;15;Vieja;1,2;CHACRA VIEJA 3;P. MANT.
946;Chacra Vieja3 16;Chacra Vieja 3 16;Chacra Vieja;3;16;Vieja;1,1;CHACRA VIEJA 3;P. MANT.
947;Chacra Vieja3 17;Chacra Vieja 3 17;Chacra Vieja;3;17;Vieja;1,2;CHACRA VIEJA 3;P. MANT.
948;Chacra Vieja3 18;Chacra Vieja 3 18;Chacra Vieja;3;18;Vieja;1,1;CHACRA VIEJA 3;P. MANT.
949;Chacra Vieja3 19;Chacra Vieja 3 19;Chacra Vieja;3;19;Vieja;1,2;CHACRA VIEJA 3;P. MANT.
950;Chacra Vieja3 20;Chacra Vieja 3 20;Chacra Vieja;3;20;Vieja;1,2;CHACRA VIEJA 3;P. MANT.
951;Chacra Vieja3 21;Chacra Vieja 3 21;Chacra Vieja;3;21;Vieja;1,2;CHACRA VIEJA 3;P. MANT.
952;Chacra Vieja3 22;Chacra Vieja 3 22;Chacra Vieja;3;22;Vieja;1,2;CHACRA VIEJA 3;P. MANT.
953;Chacra Vieja3 23;Chacra Vieja 3 23;Chacra Vieja;3;23;Vieja;1,2;CHACRA VIEJA 3;P. MANT.
954;Chacra Vieja3 24;Chacra Vieja 3 24;Chacra Vieja;3;24;Vieja;1,1;CHACRA VIEJA 3;P. MANT.
955;Chacra Vieja3 25;Chacra Vieja 3 25;Chacra Vieja;3;25;Vieja;1,2;CHACRA VIEJA 3;P. MANT.
956;Chacra Vieja3 26;Chacra Vieja 3 26;Chacra Vieja;3;26;Vieja;1,2;CHACRA VIEJA 3;P. MANT.
957;Chacra Vieja3 27;Chacra Vieja 3 27;Chacra Vieja;3;27;Vieja;1,2;CHACRA VIEJA 3;P. MANT.
958;Chacra Vieja3 28;Chacra Vieja 3 28;Chacra Vieja;3;28;Vieja;1,1;CHACRA VIEJA 3;P. MANT.
959;Chacra Vieja3 29;Chacra Vieja 3 29;Chacra Vieja;3;29;Vieja;1,2;CHACRA VIEJA 3;P. MANT.
960;Chacra Vieja3 30;Chacra Vieja 3 30;Chacra Vieja;3;30;Vieja;1,2;CHACRA VIEJA 3;P. MANT.
961;Chacra Vieja3 31;Chacra Vieja 3 31;Chacra Vieja;3;31;Vieja;1,2;CHACRA VIEJA 3;P. MANT.
962;Chacra Vieja3 32;Chacra Vieja 3 32;Chacra Vieja;3;32;Vieja;1,1;CHACRA VIEJA 3;P. MANT.
963;Chacra Vieja4 1;Chacra Vieja 4 1;Chacra Vieja;4;1;Vieja;1,1;CHACRA VIEJA 5;P. MANT.
964;Chacra Vieja4 2;Chacra Vieja 4 2;Chacra Vieja;4;2;Vieja;1;CHACRA VIEJA 5;P. MANT.
965;Chacra Vieja4 3;Chacra Vieja 4 3;Chacra Vieja;4;3;Vieja;1,1;CHACRA VIEJA 5;P. MANT.
966;Chacra Vieja4 4;Chacra Vieja 4 4;Chacra Vieja;4;4;Vieja;1,1;CHACRA VIEJA 5;P. MANT.
967;Chacra Vieja4 5;Chacra Vieja 4 5;Chacra Vieja;4;5;Vieja;1,1;CHACRA VIEJA 5;P. MANT.
968;Chacra Vieja4 6;Chacra Vieja 4 6;Chacra Vieja;4;6;Vieja;1,1;CHACRA VIEJA 5;P. MANT.
969;Chacra Vieja4 7;Chacra Vieja 4 7;Chacra Vieja;4;7;Vieja;1,1;CHACRA VIEJA 5;P. MANT.
970;Chacra Vieja4 8;Chacra Vieja 4 8;Chacra Vieja;4;8;Vieja;1,2;CHACRA VIEJA 5;P. MANT.
971;Chacra Vieja4 9;Chacra Vieja 4 9;Chacra Vieja;4;9;Vieja;1,1;CHACRA VIEJA 5;P. MANT.
972;Chacra Vieja4 10;Chacra Vieja 4 10;Chacra Vieja;4;10;Vieja;1,1;CHACRA VIEJA 5;P. MANT.
973;Chacra Vieja4 11;Chacra Vieja 4 11;Chacra Vieja;4;11;Vieja;1,1;CHACRA VIEJA 5;P. MANT.
974;Chacra Vieja4 12;Chacra Vieja 4 12;Chacra Vieja;4;12;Vieja;1,1;CHACRA VIEJA 5;P. MANT.
975;Chacra Vieja5 1;Chacra Vieja 5 1;Chacra Vieja;5;1;Vieja;1;CHACRA VIEJA 5;P. MANT.
976;Chacra Vieja5 2;Chacra Vieja 5 2;Chacra Vieja;5;2;Vieja;3,4;CHACRA VIEJA 1;P. IMPLAN.
977;Chacra Vieja5 3;Chacra Vieja 5 3;Chacra Vieja;5;3;Vieja;1,2;CHACRA VIEJA 5;P. MANT.
978;Chacra Vieja5 4;Chacra Vieja 5 4;Chacra Vieja;5;4;Vieja;4;CHACRA VIEJA 1;P. IMPLAN.
979;Chacra Vieja5 5;Chacra Vieja 5 5;Chacra Vieja;5;5;Vieja;1,2;CHACRA VIEJA 5;P. MANT.
980;Chacra Vieja5 6;Chacra Vieja 5 6;Chacra Vieja;5;6;Vieja;4;CHACRA VIEJA 1;P. IMPLAN.
981;Chacra Vieja5 7;Chacra Vieja 5 7;Chacra Vieja;5;7;Vieja;1,2;CHACRA VIEJA 5;P. MANT.
982;Chacra Vieja5 8;Chacra Vieja 5 8;Chacra Vieja;5;8;Vieja;3,8;CHACRA VIEJA 1;P. IMPLAN.
983;Chacra Vieja5 9;Chacra Vieja 5 9;Chacra Vieja;5;9;Vieja;1,1;CHACRA VIEJA 5;P. MANT.
984;Chacra Vieja5 10;Chacra Vieja 5 10;Chacra Vieja;5;10;Vieja;3,9;CHACRA VIEJA 1;P. IMPLAN.
985;Chacra Vieja5 11;Chacra Vieja 5 11;Chacra Vieja;5;11;Vieja;1,2;CHACRA VIEJA 5;P. MANT.
986;Chacra Vieja5 12;Chacra Vieja 5 12;Chacra Vieja;5;12;Vieja;3,9;CHACRA VIEJA 1;P. IMPLAN.
987;Chacra Vieja5 13;Chacra Vieja 5 13;Chacra Vieja;5;13;Vieja;1,1;CHACRA VIEJA 5;P. MANT.
988;Chacra Vieja5 14;Chacra Vieja 5 14;Chacra Vieja;5;14;Vieja;3,8;CHACRA VIEJA 1;P. IMPLAN.
989;Chacra Vieja5 15;Chacra Vieja 5 15;Chacra Vieja;5;15;Vieja;1,2;CHACRA VIEJA 5;P. MANT.
990;Chacra Vieja5 16;Chacra Vieja 5 16;Chacra Vieja;5;16;Vieja;4;CHACRA VIEJA 1;P. IMPLAN.
991;Chacra Vieja5 17;Chacra Vieja 5 17;Chacra Vieja;5;17;Vieja;1,1;CHACRA VIEJA 5;P. MANT.
992;Chacra Vieja5 18;Chacra Vieja 5 18;Chacra Vieja;5;18;Vieja;4;CHACRA VIEJA 1;P. IMPLAN.
993;Chacra Vieja5 19;Chacra Vieja 5 19;Chacra Vieja;5;19;Vieja;1;CHACRA VIEJA 5;P. MANT.
994;Chacra Vieja5 20;Chacra Vieja 5 20;Chacra Vieja;5;20;Vieja;3,6;CHACRA VIEJA 1;P. IMPLAN.
995;Chacra Vieja5 21;Chacra Vieja 5 21;Chacra Vieja;5;21;Vieja;3,7;CHACRA VIEJA 1;P. IMPLAN.
996;Chacra Vieja5 22;Chacra Vieja 5 22;Chacra Vieja;5;22;Vieja;3,9;CHACRA VIEJA 1;P. IMPLAN.
997;Chacra Vieja5 23;Chacra Vieja 5 23;Chacra Vieja;5;23;Vieja;3,6;CHACRA VIEJA 1;P. IMPLAN.
998;Chacra Vieja5 24;Chacra Vieja 5 24;Chacra Vieja;5;24;Vieja;3,7;CHACRA VIEJA 2;P. MANT.
999;Chacra Vieja5 25;Chacra Vieja 5 25;Chacra Vieja;5;25;Vieja;3,6;CHACRA VIEJA 1;P. IMPLAN.
1000;Chacra Vieja5 26;Chacra Vieja 5 26;Chacra Vieja;5;26;Vieja;3,8;CHACRA VIEJA 2;P. MANT.
1001;Chacra Vieja5 27;Chacra Vieja 5 27;Chacra Vieja;5;27;Vieja;3,7;CHACRA VIEJA 1;P. IMPLAN.
1002;Chacra Vieja5 28;Chacra Vieja 5 28;Chacra Vieja;5;28;Vieja;3,8;CHACRA VIEJA 2;P. MANT.
1003;Chacra Vieja5 29;Chacra Vieja 5 29;Chacra Vieja;5;29;Vieja;3,6;CHACRA VIEJA 1;P. IMPLAN.
1004;Chacra Vieja5 30;Chacra Vieja 5 30;Chacra Vieja;5;30;Vieja;3,9;CHACRA VIEJA 2;P. MANT.
1005;Chacra Vieja5 31;Chacra Vieja 5 31;Chacra Vieja;5;31;Vieja;3,6;CHACRA VIEJA 1;P. IMPLAN.
1006;Chacra Vieja5 32;Chacra Vieja 5 32;Chacra Vieja;5;32;Vieja;3,7;CHACRA VIEJA 2;P. MANT.
1007;Chacra Vieja5 33;Chacra Vieja 5 33;Chacra Vieja;5;33;Vieja;3,7;CHACRA VIEJA 1;P. IMPLAN.
1008;Chacra Vieja5 34;Chacra Vieja 5 34;Chacra Vieja;5;34;Vieja;3,8;CHACRA VIEJA 2;P. MANT.
1009;Chacra Vieja5 35;Chacra Vieja 5 35;Chacra Vieja;5;35;Vieja;3,5;CHACRA VIEJA 1;P. IMPLAN.
1010;Chacra Vieja5 36;Chacra Vieja 5 36;Chacra Vieja;5;36;Vieja;3,6;CHACRA VIEJA 2;P. MANT.
1011;Chacra Vieja5 37;Chacra Vieja 5 37;Chacra Vieja;5;37;Vieja;3,6;CHACRA VIEJA 1;P. IMPLAN.
1012;Chacra Vieja5 38;Chacra Vieja 5 38;Chacra Vieja;5;38;Vieja;3,7;CHACRA VIEJA 2;P. MANT.
1013;Chacra Vieja5 39;Chacra Vieja 5 39;Chacra Vieja;5;39;Vieja;3,4;CHACRA VIEJA 1;P. IMPLAN.
1014;Chacra Vieja5 40;Chacra Vieja 5 40;Chacra Vieja;5;40;Vieja;3,5;CHACRA VIEJA 2;P. MANT.
